account_id,customer_id,account_type_id,balance,open_date
1,1,4,-22395.87,2021-07-19 06:30:03.462226
2,1,2,-10976.1,2021-08-27 22:18:11.687036
3,1,3,-15960.85,2020-04-25 15:28:47.099759
4,2,4,-454.71000000000004,2024-06-09 02:03:44.804767
5,2,2,15836.929999999998,2021-03-04 08:20:39.003657
6,3,4,5964.92,2021-10-29 14:20:19.727077
7,4,3,-16621.96,2022-05-06 14:01:28.970139
8,4,3,11604.36,2021-02-25 06:25:48.057092
9,4,4,12815.359999999997,2022-10-23 07:16:44.947670
10,5,4,7231.45,2020-02-08 05:22:01.343168
11,5,2,9224.330000000002,2023-02-03 17:18:30.204792
12,5,3,11463.11,2022-09-09 02:49:00.716263
13,6,1,18115.059999999998,2020-03-18 01:32:57.384408
14,6,2,-16043.810000000001,2024-09-03 06:23:22.963917
15,7,1,23036.51,2020-04-12 10:53:14.888196
16,7,1,16106.29,2022-04-23 14:36:00.501204
17,7,4,25726.04,2022-05-18 22:44:37.858048
18,8,3,4043.78,2022-10-16 00:18:49.567912
19,9,3,5045.2,2022-06-03 22:01:27.956697
20,9,4,-571.28,2020-06-24 08:43:20.508219
21,9,1,25254.15,2023-07-31 11:46:41.339184
22,10,1,44174.35,2020-08-23 21:16:18.994821
23,10,4,1204.8,2022-08-06 11:57:17.136553
24,10,3,3461.18,2022-06-24 13:27:01.630285
25,11,2,1681.17,2021-07-05 04:36:19.411473
26,12,4,-14465.07,2022-09-27 17:40:11.067577
27,13,4,3184.8800000000006,2024-08-04 21:35:56.929914
28,14,4,10187.11,2021-10-14 19:42:15.169121
29,14,2,-16651.49,2023-12-19 17:28:36.883562
30,14,1,26708.15,2021-12-27 08:34:58.322863
31,15,1,35700.4,2022-09-19 23:28:26.196078
32,16,3,-6658.18,2023-07-07 22:23:11.100222
33,16,1,11680.6,2024-08-13 13:55:53.778045
34,17,2,-3439.3999999999996,2020-11-09 19:25:23.453002
35,18,2,11941.68,2020-08-12 12:21:51.378239
36,18,2,3299.3,2021-06-22 01:28:02.328417
37,18,4,-9751.33,2022-01-09 13:49:12.486003
38,19,1,40323.060000000005,2022-01-25 23:38:47.218899
39,19,1,33743.21,2022-07-16 00:19:13.344599
40,20,2,-2271.81,2022-06-26 17:26:37.502150
41,20,4,-4933.73,2022-05-30 15:56:28.032734
42,20,1,14511.3,2020-02-22 22:07:21.232724
43,21,1,19890.45,2024-06-09 23:19:00.784250
44,21,3,-7122.35,2022-02-25 02:17:55.077741
45,22,1,25348.77,2020-10-19 04:44:56.096082
46,22,2,25874.579999999998,2019-12-18 15:21:46.054937
47,22,2,8921.81,2021-12-27 04:40:10.734219
48,23,2,6089.2,2021-06-27 19:46:59.255818
49,24,1,21940.23,2023-02-16 02:29:53.855265
50,24,1,9583.96,2023-06-09 22:00:34.094831
51,24,4,24478.86,2023-07-25 16:32:45.202829
52,25,3,-10404.11,2021-07-05 14:14:39.447773
53,25,1,4750.31,2021-06-18 06:24:52.331994
54,26,2,-6393.01,2020-10-14 10:06:30.639610
55,26,3,7407.03,2022-01-15 05:46:00.504795
56,27,4,-7024.12,2020-02-20 01:39:03.667008
57,27,3,-1901.2400000000002,2020-08-17 11:42:53.640065
58,27,4,-13029.639999999998,2023-12-14 18:38:31.714124
59,28,3,-6646.79,2024-03-02 11:40:58.541238
60,28,2,20876.3,2023-03-18 06:57:02.917012
61,28,4,-5690.56,2021-02-05 14:53:06.971519
62,29,2,1965.5300000000002,2022-11-11 08:55:56.731677
63,29,3,771.52,2021-10-13 17:31:56.654706
64,30,3,-10361.11,2022-01-31 08:34:39.151503
65,31,2,-20138.13,2023-12-10 18:56:22.148180
66,32,4,-9849.97,2022-06-19 10:12:05.521709
67,32,3,-2904.18,2021-06-05 04:45:59.906952
68,33,2,-7811.59,2023-11-16 15:14:17.194518
69,33,2,-1899.6299999999999,2021-04-07 04:45:21.709359
70,34,1,10918.79,2024-02-25 23:57:59.203554
71,34,4,-13191.75,2020-07-02 14:04:36.606131
72,34,1,27667.43,2024-05-16 02:04:03.993637
73,35,4,-4274.73,2022-10-31 11:58:28.533793
74,36,4,26592.120000000003,2022-01-07 03:27:07.961484
75,37,3,-17355.68,2023-02-23 08:01:02.264564
76,37,2,3881.12,2020-02-14 03:43:13.194502
77,37,4,-2319.86,2023-01-30 06:05:49.390865
78,38,1,18393.87,2024-01-09 05:19:31.934669
79,38,1,25365.22,2024-02-10 07:26:34.827834
80,39,1,26225.17,2024-09-11 12:39:53.503136
81,39,3,9481.19,2020-10-07 15:17:01.149781
82,40,2,-8920.35,2023-06-27 13:06:14.481344
83,41,3,-7256.09,2024-02-18 17:29:51.198917
84,41,1,51105.55,2020-08-08 15:22:37.501310
85,42,4,18129.54,2022-07-02 19:24:45.670664
86,42,3,18886.95,2020-06-25 16:23:55.470100
87,42,1,31981.29,2024-05-24 09:05:51.980390
88,43,3,-12270.14,2022-03-30 02:32:48.686221
89,44,4,-5995.79,2022-11-27 04:58:56.411613
90,44,4,2004.5,2022-08-28 01:52:59.196554
91,44,1,28777.53,2024-05-29 14:05:52.953319
92,45,1,11506.220000000001,2024-04-02 08:52:01.533757
93,45,2,25269.690000000002,2023-07-31 07:10:57.995791
94,46,4,4469.82,2024-09-04 19:51:28.192132
95,47,4,-11555.44,2023-02-05 00:41:09.762566
96,47,2,-8709.140000000001,2022-10-15 06:10:59.287603
97,47,2,-592.92,2022-02-24 14:06:26.524503
98,48,2,5425.41,2021-10-16 19:11:04.343679
99,48,2,3189.05,2021-01-01 21:00:20.996479
100,49,1,29994.47,2021-06-14 20:07:31.713158
101,49,3,21397.02,2024-09-30 10:55:14.935609
102,50,1,23533.78,2020-02-17 02:20:14.873495
103,50,2,7582.15,2021-03-18 22:44:44.352374
104,51,3,-13567.16,2023-04-15 05:08:48.860874
105,51,1,16194.43,2022-06-11 03:25:37.559518
106,52,1,21511.630000000005,2023-01-23 01:16:50.131028
107,52,2,10103.48,2019-11-01 09:46:19.328746
108,52,1,8300.29,2020-01-29 13:02:02.126039
109,53,2,10283.27,2020-09-04 10:43:54.357718
110,53,3,-19839.05,2021-10-20 15:03:33.731941
111,53,1,17654.16,2022-03-14 18:46:54.633206
112,54,3,11305.1,2024-06-15 23:11:34.548403
113,54,4,-1389.95,2021-10-18 19:00:10.138435
114,55,2,4890.8099999999995,2023-09-18 18:57:40.630509
115,56,4,2778.24,2020-03-25 17:04:56.422985
116,56,4,-11978.7,2024-09-26 18:58:22.964892
117,56,2,7660.32,2020-04-14 20:59:03.005146
118,57,4,-10404.960000000001,2021-08-31 23:51:18.198433
119,57,4,1084.9900000000002,2024-07-04 15:39:44.275498
120,58,2,-9416.85,2022-09-26 16:39:17.298535
121,59,3,7752.66,2020-06-02 11:54:09.808540
122,60,1,39325.969999999994,2019-12-21 18:44:56.017229
123,60,4,-277.1300000000001,2020-08-10 00:38:56.210742
124,61,3,10589.09,2022-11-23 19:37:37.847987
125,61,3,11615.349999999999,2019-10-30 08:45:36.317595
126,61,1,31374.58,2022-01-14 16:08:27.360661
127,62,2,15004.48,2021-09-15 16:34:10.169882
128,62,4,4458.7,2024-09-09 14:27:02.289330
129,62,3,-13424.1,2020-05-19 12:22:53.486035
130,63,1,5378.510000000001,2020-02-06 11:25:13.358437
131,64,2,3857.25,2022-04-09 05:53:55.419657
132,65,3,-10062.23,2022-11-29 11:35:12.924956
133,65,1,17536.51,2022-02-26 11:40:50.319915
134,66,1,14654.24,2020-01-23 17:47:20.225651
135,66,1,13705.07,2023-10-05 15:47:02.345127
136,67,3,-6089.02,2021-08-01 22:31:19.203857
137,67,1,27252.579999999998,2024-10-22 14:28:11.592934
138,68,4,-1685.69,2019-11-24 09:03:54.348563
139,68,4,5965.499999999999,2019-12-11 16:07:07.967188
140,69,1,37765.01,2021-02-06 13:24:06.274585
141,69,1,9803.04,2024-08-02 22:53:17.329503
142,70,4,856.01,2020-10-27 06:18:58.866503
143,71,2,5170.5,2022-10-08 01:07:42.620955
144,71,2,-4898.120000000001,2024-01-22 04:07:44.668475
145,71,4,-2499.26,2023-01-10 22:00:40.903435
146,72,4,-8465.57,2021-08-17 04:47:26.609747
147,73,1,3504.54,2022-03-16 02:02:45.557984
148,73,2,-9425.69,2020-11-17 23:30:44.081570
149,74,2,1419.0700000000002,2021-07-25 10:55:57.292187
150,74,4,-4464.88,2022-08-04 15:45:23.212021
151,75,4,13570.659999999998,2022-06-05 23:18:44.564787
152,75,4,9696.69,2024-08-07 14:34:28.943569
153,75,2,-12211.61,2022-07-28 19:17:50.895839
154,76,1,20179.67,2020-04-19 13:46:39.318372
155,77,4,11196.56,2021-10-23 21:25:12.705164
156,78,1,17425.16,2020-11-25 20:30:22.931435
157,78,4,3066.16,2020-10-27 13:06:25.083542
158,78,4,5479.509999999999,2020-02-19 11:39:09.674855
159,79,4,-3793.290000000001,2022-11-09 17:53:04.149544
160,79,1,46719.04,2021-08-28 18:52:25.647893
161,79,1,5010.62,2023-05-28 18:49:23.717010
162,80,2,3999.06,2022-09-07 01:51:32.173564
163,81,1,38017.79,2022-12-17 15:47:13.756631
164,81,2,-4270.9,2023-06-24 10:48:36.386426
165,82,4,-6099.65,2021-09-28 14:47:30.761484
166,83,1,22730.43,2021-08-18 18:42:12.371032
167,83,1,35343.53,2024-07-27 12:52:51.577035
168,84,1,38786.83,2022-06-23 00:18:34.168924
169,85,1,17656.29,2021-01-23 16:42:05.141892
170,85,1,37998.6,2020-08-09 16:09:08.103408
171,85,4,77.44,2020-04-27 22:08:30.658375
172,86,3,-20566.62,2023-11-06 05:00:44.461409
173,86,4,1296.85,2023-01-08 13:37:14.826437
174,87,4,14878.510000000002,2023-11-23 02:40:04.966797
175,87,3,-9435.0,2020-01-03 04:54:57.664280
176,88,2,-5690.36,2022-02-16 13:37:35.744688
177,89,3,-3919.32,2022-12-23 21:29:23.971592
178,90,3,1243.5599999999995,2024-08-15 10:02:31.135580
179,90,4,445.73,2024-03-04 00:20:42.368992
180,91,4,-2668.94,2023-05-07 16:10:50.592925
181,91,2,14476.39,2022-08-13 22:31:01.486910
182,91,4,-31432.95,2021-04-20 12:00:49.202679
183,92,1,33981.2,2022-06-24 09:58:56.271823
184,92,4,-9250.990000000002,2021-08-17 14:53:46.339295
185,93,2,9726.07,2019-12-04 07:53:14.955877
186,93,4,1035.72,2022-11-11 23:56:14.763019
187,94,2,5429.89,2020-04-14 17:02:12.749739
188,94,1,5470.82,2023-02-12 09:36:50.077201
189,95,3,-6026.14,2020-07-28 11:02:45.361131
190,95,3,10635.58,2024-07-07 02:43:38.624446
191,95,3,-5174.19,2024-08-04 04:36:56.196137
192,96,1,15616.71,2020-07-26 15:56:53.626544
193,96,2,4196.83,2020-06-11 10:46:13.540048
194,97,4,-1117.57,2024-09-05 13:40:16.801481
195,97,3,6392.1900000000005,2020-08-04 00:50:50.205828
196,98,2,-12199.02,2021-06-26 11:14:49.545830
197,99,4,-6190.030000000001,2024-06-03 01:09:35.942815
198,99,2,-14629.33,2021-07-25 20:21:39.922259
199,99,3,23247.92,2021-05-23 14:06:06.955807
200,100,4,-8156.18,2022-07-24 02:20:00.816680
201,100,3,-31097.79,2021-12-08 06:56:37.147801
202,100,3,8940.65,2023-06-28 06:58:53.288828
203,101,1,44927.95,2022-04-13 20:54:40.602613
204,101,3,-2313.4500000000003,2022-05-04 10:18:26.370343
205,101,4,11622.45,2024-04-01 04:27:12.047173
206,102,1,37097.43,2021-02-21 22:56:51.540457
207,102,2,-3963.87,2024-05-23 01:21:32.000468
208,102,2,3483.48,2020-04-23 17:16:00.554517
209,103,4,-8021.57,2022-06-30 23:13:40.339582
210,103,3,-9594.45,2024-06-19 06:36:22.585409
211,103,2,8715.16,2022-08-01 22:39:42.098406
212,104,4,7332.99,2023-03-01 03:10:00.567935
213,104,2,-7521.54,2020-09-13 19:19:11.560024
214,104,3,13826.9,2024-04-06 21:54:09.834158
215,105,1,26529.73,2024-03-03 23:31:01.343125
216,106,1,5859.609999999999,2020-05-14 14:15:07.797541
217,106,4,4327.32,2022-12-08 05:46:43.996552
218,107,1,9422.25,2024-01-27 04:50:49.917536
219,107,3,4790.62,2024-03-19 04:22:26.114501
220,107,3,-14097.45,2023-09-02 03:09:45.318858
221,108,3,-5854.48,2022-02-07 13:53:57.889128
222,108,2,4127.8,2023-02-03 15:42:20.728745
223,108,3,365.2600000000002,2024-08-15 11:31:34.982053
224,109,1,36650.22,2020-12-02 16:18:23.474873
225,109,2,-7801.87,2021-02-18 09:46:49.971988
226,109,1,20537.170000000002,2023-08-10 02:27:31.195704
227,110,1,8516.44,2020-05-04 18:02:55.765047
228,110,4,3196.87,2021-10-06 12:21:50.054477
229,111,2,1439.15,2020-12-15 09:42:42.489171
230,111,3,-10215.54,2020-06-24 08:48:44.971275
231,112,3,6305.32,2020-10-19 07:20:24.345254
232,112,3,1303.63,2023-03-24 08:26:44.300845
233,113,1,22490.67,2021-12-19 05:38:13.981813
234,114,4,-10636.92,2021-02-26 10:33:14.968612
235,115,4,5326.489999999999,2023-04-15 14:55:14.393259
236,116,3,-5129.83,2024-06-13 21:04:20.112459
237,116,2,1194.39,2023-12-23 04:02:55.182977
238,116,1,28649.760000000002,2024-07-27 17:57:38.411074
239,117,1,9183.279999999999,2021-01-11 11:41:03.017360
240,117,2,-5918.599999999999,2024-01-21 03:52:12.808783
241,117,1,17507.07,2021-01-03 18:39:44.192175
242,118,3,-16324.97,2023-10-14 10:42:14.684316
243,119,1,35109.95,2021-02-22 01:01:17.975584
244,119,2,15096.09,2022-11-03 14:18:29.875002
245,120,3,-5939.7,2020-09-26 06:24:18.234435
246,120,3,2251.1000000000004,2022-09-30 04:59:44.816777
247,121,1,22943.399999999998,2024-05-04 18:38:41.258891
248,121,2,-9661.02,2020-07-20 06:12:08.217284
249,122,3,5871.48,2020-02-28 21:02:58.467689
250,122,1,20404.71,2019-12-13 19:00:11.840094
251,122,2,-5221.5599999999995,2024-07-16 16:11:24.628774
252,123,3,12109.04,2021-09-24 23:10:46.148964
253,124,4,8285.73,2022-03-31 13:14:43.715448
254,124,4,-18574.600000000002,2020-05-09 13:21:54.730191
255,124,1,23897.11,2020-12-01 04:53:20.271207
256,125,2,15863.71,2023-07-31 21:19:11.444587
257,126,4,-20713.100000000002,2022-03-16 07:51:41.107678
258,126,4,15597.45,2021-12-20 20:23:35.563827
259,127,1,8431.869999999999,2021-03-19 10:32:32.008355
260,127,4,10654.53,2021-06-21 17:03:57.649370
261,128,3,-10699.64,2023-04-22 03:23:29.442916
262,129,4,-5935.9,2023-12-28 02:23:38.965835
263,129,1,16263.65,2021-08-26 15:58:22.854643
264,129,4,10535.63,2019-11-25 20:38:03.928925
265,130,3,-5378.64,2021-01-16 21:23:09.878551
266,130,2,1063.34,2022-09-10 02:45:36.143044
267,130,4,-7432.610000000001,2019-11-12 10:17:05.333601
268,131,4,14914.77,2022-02-21 01:19:51.724512
269,131,4,-3656.12,2022-05-14 04:27:44.172665
270,131,4,-5101.16,2022-12-11 14:39:14.917524
271,132,4,-2331.43,2024-09-30 16:25:32.359267
272,132,1,21912.679999999997,2022-05-24 14:12:32.975557
273,132,2,-4088.58,2020-08-28 10:23:19.822945
274,133,1,15812.7,2022-01-10 23:50:12.260180
275,133,3,4085.0699999999997,2020-06-27 21:24:36.407474
276,133,3,-7636.27,2021-02-21 21:34:22.709656
277,134,2,10527.31,2022-08-27 06:50:36.397275
278,134,1,50094.979999999996,2024-08-03 00:27:00.377880
279,135,1,27311.11,2021-02-03 04:49:02.489242
280,135,2,13851.39,2022-09-22 02:50:47.132782
281,135,1,33120.78,2021-12-02 09:16:55.782066
282,136,2,-8879.76,2024-03-26 21:37:21.673052
283,137,4,-26997.91,2023-04-28 12:23:29.592373
284,137,3,-4404.96,2023-09-07 13:21:54.395565
285,137,1,44767.54,2021-12-13 17:10:29.705589
286,138,4,1596.84,2020-05-16 06:31:29.941764
287,138,1,46088.82,2023-12-28 04:25:52.028018
288,138,2,-4739.0,2023-10-17 03:11:55.627603
289,139,3,-158.92999999999984,2021-09-25 08:59:57.145244
290,139,1,41002.880000000005,2022-10-24 20:34:55.087536
291,140,2,7917.67,2024-08-23 03:45:01.548926
292,140,1,24915.06,2021-08-06 23:59:16.812782
293,141,2,5291.49,2022-02-20 07:04:22.113430
294,142,3,-7132.09,2021-08-27 12:13:18.461275
295,142,3,13577.72,2021-09-16 05:31:53.386909
296,143,1,24843.13,2019-10-30 17:48:25.742347
297,144,2,1643.89,2022-11-12 20:24:33.055690
298,144,3,4454.32,2023-08-23 11:13:15.705983
299,145,3,-524.97,2020-11-14 11:01:32.893713
300,146,3,9173.53,2021-12-21 09:53:42.972211
301,146,2,10603.72,2021-01-11 00:46:45.165815
302,147,2,-294.43,2024-06-23 10:20:51.930083
303,147,3,8706.94,2022-12-08 00:59:13.224210
304,148,3,6985.02,2024-02-10 06:30:30.212899
305,148,1,13281.240000000002,2021-02-18 22:58:36.667223
306,149,4,8414.32,2024-10-17 10:48:08.094593
307,149,1,32691.21,2021-09-02 14:43:39.352100
308,149,1,14324.91,2023-09-18 07:44:38.107186
309,150,3,5708.38,2023-03-05 06:38:49.790946
310,150,1,24252.64,2019-11-02 09:58:08.088245
311,150,3,-7157.330000000001,2020-09-02 23:01:34.379225
312,151,3,-2957.41,2022-05-03 06:37:00.520698
313,151,1,25171.25,2020-10-28 19:03:32.885690
314,152,4,676.88,2023-03-18 04:16:12.122690
315,152,2,7006.39,2022-12-05 20:29:53.006730
316,152,4,8958.68,2021-11-10 17:18:51.710158
317,153,2,-395.16,2022-01-09 14:43:36.936723
318,154,4,7992.58,2021-04-24 13:24:12.040933
319,154,3,-4043.23,2022-03-13 09:26:42.151687
320,154,4,2266.51,2020-08-23 17:30:48.374217
321,155,3,-1505.35,2021-02-18 16:16:37.443522
322,155,3,10724.57,2023-10-31 21:35:35.678856
323,155,3,510.00999999999976,2023-06-12 00:45:56.037118
324,156,3,3060.5400000000004,2023-12-16 23:18:49.003518
325,156,1,50207.56,2019-11-20 13:27:25.038580
326,156,4,13437.57,2021-08-07 07:04:31.086511
327,157,3,-2071.5,2023-01-26 17:55:49.170304
328,158,4,5816.85,2023-05-30 15:01:12.962367
329,158,2,-1904.17,2023-11-09 00:40:30.963413
330,159,2,-23698.08,2024-08-07 17:49:34.375930
331,160,2,-12800.85,2024-10-11 06:45:36.555998
332,160,3,-18951.22,2022-01-21 07:21:23.765937
333,161,4,7878.86,2021-07-13 17:39:05.233214
334,161,4,1291.43,2021-06-02 12:03:43.133136
335,161,2,9664.7,2020-09-23 16:43:14.535623
336,162,4,-24377.190000000002,2020-08-23 01:12:25.922055
337,162,4,-4903.6900000000005,2020-11-08 14:32:07.502827
338,162,4,-8067.88,2024-07-15 22:00:48.823630
339,163,2,-7585.860000000001,2023-03-11 22:42:02.652501
340,164,4,242.78,2023-10-11 17:56:32.375796
341,164,1,23941.75,2020-06-25 04:55:13.379235
342,165,1,8312.97,2021-06-10 00:48:23.529305
343,165,1,36206.27,2023-02-24 07:52:22.131315
344,165,4,-10926.67,2024-04-12 09:33:36.858010
345,166,2,-973.29,2023-02-25 15:09:31.098790
346,167,4,18666.19,2024-10-19 00:16:21.897058
347,167,4,-9350.48,2022-08-12 17:17:55.573834
348,167,2,14935.4,2020-08-21 12:58:31.654389
349,168,3,-17300.579999999998,2023-09-25 15:55:55.310762
350,168,3,5672.05,2024-02-14 22:07:32.751144
351,169,1,15554.16,2023-10-18 10:34:27.317349
352,169,4,-13282.16,2024-03-17 08:38:46.401264
353,170,3,-890.57,2020-04-14 14:29:27.712738
354,170,2,-8400.42,2021-06-05 08:57:24.384681
355,171,1,33562.93,2020-11-05 00:07:58.851285
356,171,3,184.78000000000003,2020-10-24 11:33:37.072195
357,172,4,14783.21,2022-03-20 18:32:45.581508
358,173,3,3453.87,2024-04-08 14:25:03.203408
359,174,3,75.47000000000025,2023-01-08 15:07:02.245211
360,174,1,34616.38,2021-08-23 21:13:21.137970
361,174,1,21551.449999999997,2022-10-15 01:35:59.550356
362,175,2,1389.0600000000004,2024-02-25 18:54:57.087468
363,175,3,15654.090000000002,2022-06-10 18:14:51.705012
364,176,2,4151.48,2022-10-20 04:43:57.613443
365,176,3,-12157.74,2023-03-26 05:02:57.103965
366,176,2,691.7200000000003,2021-12-17 04:11:54.468222
367,177,3,16051.88,2021-03-24 06:19:22.210927
368,177,3,-9667.74,2020-08-23 04:42:51.677401
369,178,1,34829.1,2020-02-14 00:32:37.095562
370,179,1,32885.24,2022-11-29 22:50:41.440196
371,179,3,-7279.42,2021-01-06 06:12:13.274432
372,180,1,11873.16,2024-10-04 11:34:36.619197
373,180,2,1344.1100000000001,2024-07-15 17:03:00.530150
374,181,1,27751.55,2022-05-06 02:01:30.022781
375,181,4,22328.53,2021-02-07 11:04:50.652489
376,181,4,21087.41,2020-07-10 01:24:27.142827
377,182,2,-2130.8,2020-05-27 19:16:49.730260
378,182,1,22143.09,2024-03-15 00:36:31.758481
379,182,3,-24817.34,2022-06-26 12:06:56.989098
380,183,2,-11921.96,2024-06-26 20:32:44.674619
381,183,1,22054.94,2019-11-14 14:25:01.612510
382,184,2,9562.11,2021-01-11 23:47:05.592091
383,185,1,14735.52,2020-01-25 00:03:34.290751
384,185,1,20865.81,2020-04-19 00:39:27.612284
385,185,2,-19423.96,2021-12-18 04:08:05.106651
386,186,2,10179.65,2024-01-24 03:41:10.965624
387,186,2,1039.7599999999998,2024-09-14 15:03:18.963915
388,186,3,9897.29,2023-11-03 15:00:56.591813
389,187,4,12380.16,2021-03-11 20:05:10.777254
390,187,1,16336.480000000001,2021-08-24 07:59:22.473523
391,188,4,6890.02,2021-01-03 07:25:44.409322
392,188,2,428.58,2022-04-13 01:43:25.867098
393,188,1,34520.54,2019-12-26 11:35:30.820962
394,189,4,-12218.71,2021-06-07 14:15:20.928946
395,190,2,-21486.73,2021-01-28 22:03:19.302927
396,191,4,-7615.72,2023-11-05 20:54:37.724545
397,191,3,6326.26,2020-07-04 09:08:40.705936
398,191,2,15524.94,2022-01-10 10:15:10.272773
399,192,3,-18948.82,2023-10-28 05:53:19.190414
400,193,3,-4353.05,2023-12-01 17:40:56.635061
401,193,2,-5584.94,2023-10-19 07:31:20.750822
402,194,1,7787.43,2021-01-25 03:45:35.351206
403,195,3,6898.8,2022-08-02 12:11:33.821344
404,195,4,11992.43,2021-12-31 21:31:52.396844
405,195,2,6026.84,2022-03-03 02:55:14.963967
406,196,2,-20092.99,2024-02-16 04:54:44.589722
407,197,4,-11655.03,2023-02-09 06:17:26.413734
408,197,4,-11363.93,2022-11-01 06:54:20.365696
409,197,4,10657.63,2022-08-13 17:09:04.550243
410,198,3,17838.96,2024-08-30 04:25:40.568535
411,198,2,-3732.64,2021-03-26 18:17:15.338691
412,199,1,32853.56,2024-09-08 04:22:46.078559
413,199,2,2842.84,2022-01-08 02:37:31.713983
414,199,4,-7052.259999999999,2020-09-01 07:03:47.808217
415,200,1,10886.560000000001,2024-04-06 12:46:35.580380
416,201,3,3290.2,2020-06-20 18:01:20.981679
417,202,2,-9156.05,2023-01-02 17:04:09.949733
418,202,4,5504.78,2019-12-10 20:20:11.709179
419,203,1,34715.909999999996,2023-05-22 20:53:58.624029
420,203,2,9037.74,2023-07-03 12:05:24.983163
421,203,3,-959.74,2020-11-11 20:11:25.952031
422,204,2,3516.88,2024-10-24 09:02:59.490795
423,204,2,9735.12,2024-05-17 21:16:19.530331
424,204,4,-974.64,2023-10-11 20:10:22.888898
425,205,2,1174.1,2020-03-07 17:48:34.988622
426,205,1,17544.38,2023-04-13 11:00:59.283765
427,205,4,21549.06,2024-05-29 01:51:03.198797
428,206,3,3383.28,2021-04-03 09:25:39.973075
429,206,2,23075.36,2023-11-18 02:46:04.253448
430,206,3,-19082.42,2020-11-23 08:21:36.483580
431,207,2,1666.2,2022-06-15 03:02:37.071536
432,207,3,-11950.0,2022-03-27 21:52:05.318609
433,207,4,5726.780000000001,2024-06-07 15:41:05.110875
434,208,4,-3087.86,2019-11-18 01:51:51.421453
435,209,3,10275.09,2019-11-03 08:38:26.099664
436,209,4,18585.75,2023-05-05 12:58:31.518825
437,210,1,22373.89,2020-06-30 07:54:17.988672
438,210,3,-1515.21,2022-05-22 13:09:16.565065
439,211,1,24636.5,2023-10-21 15:40:07.501056
440,212,4,3907.06,2022-09-04 15:21:00.149197
441,212,3,4344.82,2023-02-08 07:55:21.599163
442,213,1,37476.12,2023-03-01 04:06:41.848633
443,213,2,-2451.68,2021-06-19 20:31:17.313989
444,214,3,-579.0999999999999,2024-05-06 03:56:44.649316
445,214,4,9936.6,2019-12-27 13:01:32.648015
446,214,4,-2336.47,2024-10-15 08:54:30.055764
447,215,1,14277.97,2023-09-19 15:29:52.238142
448,216,2,3705.64,2022-05-28 01:21:36.624094
449,216,3,839.32,2024-03-16 01:26:56.129624
450,216,2,10510.78,2023-05-17 13:15:03.082733
451,217,4,8475.37,2021-10-28 08:04:02.455841
452,217,2,17332.36,2023-04-26 14:20:33.384148
453,217,4,8770.95,2020-06-09 09:19:02.643449
454,218,1,15475.23,2022-10-20 00:21:59.154897
455,219,4,11057.91,2021-08-25 17:46:55.051964
456,219,4,6097.99,2024-07-21 21:55:01.917707
457,220,1,24429.86,2019-12-06 04:03:38.234821
458,221,2,-2963.56,2022-03-19 17:07:59.584638
459,222,3,-13078.41,2020-11-22 19:46:49.994400
460,223,1,29488.33,2020-01-13 05:44:09.394130
461,223,4,2371.87,2024-01-19 06:04:29.225927
462,223,1,14137.66,2020-10-14 15:46:47.967594
463,224,3,17492.73,2020-08-31 17:35:01.198695
464,224,2,-14799.84,2020-03-29 02:45:00.278262
465,224,2,-7499.950000000001,2024-03-31 06:03:43.336654
466,225,4,-2511.69,2023-10-15 07:53:33.393548
467,226,4,4793.39,2020-04-05 18:13:50.974921
468,226,4,-5970.32,2024-02-01 14:34:45.521532
469,227,2,5053.19,2020-06-19 04:00:25.693025
470,227,1,12923.789999999999,2024-04-20 13:41:10.054535
471,227,2,1897.09,2022-10-25 04:44:10.499150
472,228,1,18316.99,2022-09-20 22:07:15.726941
473,228,2,-5939.47,2019-11-30 14:37:53.711796
474,229,2,-6497.25,2020-07-19 19:48:51.091859
475,230,1,16607.78,2023-08-27 13:25:07.138473
476,230,4,-127.0,2023-12-20 10:50:37.739262
477,231,1,29269.76,2024-10-25 12:37:34.402062
478,232,2,4825.72,2022-03-31 09:48:46.457475
479,232,1,46667.26,2019-11-01 08:47:50.449631
480,233,4,-11410.630000000001,2020-10-28 15:39:10.733029
481,234,1,25913.82,2022-09-01 22:54:25.482040
482,234,4,1775.43,2022-03-25 08:08:06.070982
483,235,1,8729.89,2022-10-06 21:08:59.046637
484,235,2,17093.6,2024-04-30 21:36:20.777173
485,235,3,4344.27,2022-08-30 07:15:30.670294
486,236,3,-5615.15,2020-12-12 20:09:05.301757
487,236,4,-29994.420000000002,2022-10-19 16:07:21.135160
488,237,3,4829.14,2019-11-28 01:59:06.924655
489,237,1,40588.560000000005,2023-01-30 11:54:36.504638
490,237,3,-2013.17,2022-09-11 15:46:07.066799
491,238,2,5060.28,2024-08-12 10:55:47.549375
492,239,1,13861.98,2021-02-13 09:07:55.183767
493,239,1,47180.69,2021-04-12 04:49:13.662297
494,240,1,25005.13,2024-10-17 04:51:13.195618
495,240,2,2033.6,2024-09-16 15:03:24.193974
496,240,4,-17343.67,2021-07-05 13:11:35.453474
497,241,4,-11000.14,2022-05-23 15:48:15.775293
498,242,3,-81.27,2024-01-16 09:24:03.345850
499,243,3,-12884.52,2020-03-15 14:21:10.138139
500,243,1,15951.52,2023-06-26 21:29:34.379828
501,244,2,-6324.79,2020-11-26 22:49:27.774653
502,245,1,12831.720000000001,2023-05-18 23:07:57.310319
503,246,4,-8484.61,2024-09-03 03:37:01.808897
504,246,3,-3533.69,2020-09-29 06:46:47.310018
505,247,3,-6205.27,2024-01-31 06:47:43.452524
506,247,2,-5920.79,2024-04-29 17:25:13.674409
507,248,3,11837.91,2020-09-20 12:42:20.285522
508,249,1,42621.1,2021-09-30 05:07:41.884785
509,249,4,-2497.19,2020-04-24 09:18:38.345971
510,250,2,12780.7,2021-11-10 23:02:06.171130
511,251,2,-12441.34,2022-12-06 03:28:57.943612
512,252,4,-5148.27,2021-02-26 16:03:04.947800
513,252,1,11250.69,2021-11-12 14:27:39.393419
514,253,1,7900.35,2023-03-04 20:44:02.586735
515,253,4,-1165.3299999999997,2022-10-30 12:41:36.546524
516,253,1,25476.08,2024-03-31 22:14:14.761539
517,254,2,8784.76,2022-01-09 12:28:30.287252
518,254,1,39891.58,2023-08-02 11:46:01.718840
519,254,3,17675.05,2024-06-20 06:11:24.254862
520,255,4,4819.05,2020-12-30 11:06:48.401116
521,256,4,469.68000000000006,2021-12-29 19:24:35.184510
522,256,4,-6209.83,2022-02-05 19:14:18.500320
523,256,1,10334.900000000001,2020-08-04 12:34:41.612996
524,257,1,13564.18,2019-11-28 10:37:40.645124
525,257,3,10105.29,2022-01-14 09:32:16.218167
526,258,1,32160.67,2023-12-10 19:06:54.430382
527,258,4,-11691.669999999998,2020-11-18 00:07:03.298691
528,258,2,-4905.73,2022-05-28 19:35:00.212270
529,259,1,27442.64,2022-10-16 23:28:38.948372
530,259,2,-1935.45,2023-09-09 09:50:30.844809
531,260,2,-17990.52,2023-12-01 15:51:58.523716
532,260,4,-17726.77,2019-11-25 15:31:32.542245
533,260,4,12152.56,2021-03-27 20:34:39.163643
534,261,2,9028.49,2019-10-30 09:42:03.660181
535,261,1,15407.7,2021-03-25 19:36:25.333529
536,261,1,30013.22,2021-04-30 04:33:14.055394
537,262,1,28625.56,2020-03-16 19:28:53.830122
538,262,3,5622.4,2024-01-31 05:16:00.040304
539,262,1,23004.500000000004,2021-02-02 07:49:43.947514
540,263,4,3920.9900000000002,2024-09-12 12:03:07.174299
541,264,3,-3436.5,2024-02-18 03:51:46.631597
542,265,3,10854.65,2020-11-12 23:14:07.334562
543,265,2,-5347.82,2021-03-06 15:00:38.258207
544,265,2,25843.25,2020-08-16 16:10:47.199593
545,266,3,-586.67,2023-06-26 15:05:51.918393
546,266,1,17191.56,2021-02-11 12:34:04.675275
547,266,2,9285.45,2023-10-17 10:54:46.754450
548,267,4,-5252.89,2024-03-15 15:49:49.829267
549,267,3,18025.25,2023-12-28 19:27:56.235133
550,267,3,-19400.39,2023-04-12 14:26:01.008742
551,268,3,-7014.75,2020-02-29 22:11:54.889010
552,269,3,-4763.98,2023-06-02 15:18:28.498240
553,270,3,2558.23,2023-09-12 09:03:46.549568
554,270,1,13139.09,2020-02-05 14:19:49.094126
555,271,2,11230.3,2024-08-30 04:33:32.091940
556,271,1,17953.75,2019-11-13 00:09:24.747658
557,272,2,-8755.18,2024-08-31 06:53:56.417090
558,273,4,9515.75,2021-05-31 03:41:04.499364
559,274,1,13292.099999999999,2020-08-06 22:22:09.830289
560,275,4,-2876.02,2022-05-16 14:41:42.337861
561,275,3,5677.77,2022-06-13 12:05:21.905395
562,275,3,22954.73,2021-04-26 00:14:59.625768
563,276,1,23889.510000000002,2021-07-27 20:18:18.831870
564,277,2,4053.33,2022-01-19 10:38:38.791751
565,277,3,14723.61,2023-10-04 05:35:45.926430
566,277,3,-18404.57,2021-12-18 10:43:02.623163
567,278,2,11765.64,2022-01-16 13:50:36.985562
568,279,4,6077.59,2021-05-26 17:33:24.984452
569,279,3,-9609.66,2021-09-11 15:32:20.790834
570,279,1,24967.61,2023-12-02 16:01:19.208700
571,280,3,12327.95,2021-08-09 00:19:06.829923
572,280,1,16771.13,2020-12-15 06:59:02.511694
573,280,2,-28877.210000000003,2019-11-27 17:36:45.143149
574,281,4,-373.08000000000084,2024-08-23 15:52:55.182628
575,281,3,-5462.7,2024-01-03 22:26:31.337794
576,281,2,8562.07,2024-09-22 14:20:37.200825
577,282,1,27400.76,2020-04-16 01:57:20.933011
578,282,4,-8077.64,2020-02-12 21:48:23.242375
579,283,3,16319.21,2021-09-27 19:01:52.746920
580,283,1,18737.27,2022-03-05 22:33:12.554741
581,284,3,-8134.77,2024-04-12 07:25:26.672064
582,284,3,-14803.77,2020-02-21 10:01:36.102982
583,285,4,-12929.39,2021-02-20 17:55:21.393272
584,285,1,7201.05,2024-06-11 20:07:42.597476
585,285,4,-15905.71,2020-06-16 08:14:10.893505
586,286,3,-11222.18,2020-05-28 19:01:41.062104
587,286,2,3674.66,2021-10-10 02:24:01.353124
588,287,3,8386.529999999999,2021-04-03 19:10:06.949711
589,287,2,-13708.489999999998,2022-01-27 18:08:02.081200
590,287,1,19102.13,2020-12-29 05:29:24.245623
591,288,1,48369.7,2023-07-20 11:16:47.964013
592,288,4,-15269.240000000002,2020-12-20 08:30:47.300167
593,289,1,36365.8,2020-12-09 01:54:47.285088
594,289,4,14045.39,2021-06-23 10:49:58.847576
595,289,1,23972.57,2020-07-05 05:57:33.250559
596,290,2,-13225.64,2022-07-06 06:35:56.202625
597,290,4,3457.0699999999997,2021-05-04 03:33:10.853071
598,290,4,-5513.64,2020-07-08 12:14:28.942409
599,291,1,24334.71,2021-08-10 07:15:43.590199
600,292,1,13025.47,2023-03-01 19:51:37.909369
601,292,4,11055.62,2021-06-05 21:33:47.736365
602,293,1,8133.490000000001,2024-09-24 17:54:25.470052
603,293,1,12843.68,2022-11-17 00:15:17.833948
604,293,3,3305.96,2019-12-18 01:29:50.083584
605,294,1,11203.83,2023-05-14 19:13:55.378352
606,295,3,8836.82,2023-06-02 19:50:25.684332
607,296,3,-231.25,2023-12-17 05:22:43.959989
608,297,2,11047.48,2021-07-05 08:44:57.940514
609,297,1,21487.64,2023-12-28 01:25:17.842264
610,297,2,97.06,2024-07-03 17:39:58.458961
611,298,1,17866.67,2024-05-30 21:43:10.488278
612,298,2,-1502.8899999999994,2024-05-09 10:59:02.858663
613,298,2,7079.11,2022-12-07 12:02:25.244224
614,299,3,4453.67,2024-05-26 21:54:37.467075
615,299,4,-5932.47,2021-09-13 13:21:03.554325
616,300,1,27118.72,2021-05-03 15:24:25.550620
617,300,1,60957.72,2022-10-05 20:44:27.712937
618,300,3,-3050.4800000000005,2022-07-30 00:46:27.238196
619,301,1,40845.35,2021-08-09 01:39:50.350084
620,301,3,-2589.33,2020-11-21 19:30:02.661063
621,301,1,21770.07,2020-12-22 06:39:23.415310
622,302,4,-8521.66,2023-09-29 00:10:55.679652
623,302,2,-7739.42,2023-09-25 22:39:22.872134
624,303,1,8642.04,2023-10-29 15:28:47.530524
625,303,3,-2010.17,2022-12-10 19:54:08.062786
626,304,4,-7218.55,2022-01-12 04:58:09.871396
627,304,4,4815.130000000001,2022-07-26 07:54:58.917972
628,304,3,6695.650000000001,2023-11-19 03:01:28.572979
629,305,4,-1914.8600000000006,2021-02-16 04:57:39.379464
630,306,1,11156.820000000002,2020-06-07 21:35:49.710412
631,307,2,5922.79,2021-10-10 09:01:53.636531
632,308,3,3626.75,2024-03-14 14:05:01.428863
633,308,1,22670.02,2022-02-21 17:49:45.882410
634,309,3,4442.370000000001,2021-04-14 09:10:58.841876
635,309,3,1546.6200000000001,2022-04-07 21:40:32.308296
636,309,1,27668.7,2020-10-06 16:18:00.331543
637,310,2,-9403.2,2021-04-18 13:34:45.806697
638,310,4,-5587.55,2024-02-10 08:45:29.069038
639,311,4,12344.05,2021-07-15 03:47:12.725154
640,312,3,8631.5,2022-11-15 09:30:38.716244
641,312,3,17398.08,2020-05-03 11:21:20.390926
642,313,2,4821.45,2021-01-28 03:52:59.000145
643,313,3,-2789.72,2020-10-27 19:25:28.093910
644,313,4,-18071.49,2024-02-19 11:03:14.074937
645,314,2,-3285.36,2022-03-11 15:34:50.797826
646,315,4,-4313.09,2020-08-06 17:25:18.099746
647,315,3,-16385.54,2021-09-02 22:57:48.178172
648,316,3,-8014.98,2023-08-07 02:57:17.468475
649,317,1,34067.86,2022-09-29 09:53:16.505595
650,317,4,5859.68,2022-04-24 03:43:24.603031
651,318,3,6370.049999999999,2022-02-21 20:30:32.526825
652,319,3,2008.8799999999999,2022-02-10 00:17:57.755203
653,319,1,24676.86,2023-05-28 04:31:23.652074
654,320,1,17917.71,2024-10-17 08:14:14.884282
655,320,3,-6998.55,2022-09-10 07:16:15.641533
656,320,1,28680.17,2024-03-06 09:09:14.911500
657,321,2,-13484.88,2022-11-07 16:58:59.734609
658,321,4,14334.720000000001,2022-09-08 05:13:01.122776
659,321,1,32188.9,2021-08-15 14:03:32.797911
660,322,4,10147.11,2022-12-10 00:36:37.092100
661,323,4,21964.079999999998,2022-09-08 22:26:16.703194
662,324,3,-4646.09,2022-07-18 23:31:35.423332
663,324,2,-8218.0,2021-04-23 13:22:51.356550
664,325,2,-240.46000000000004,2022-10-14 05:46:20.285225
665,325,2,9994.96,2023-06-09 13:08:26.157344
666,326,1,30468.71,2020-02-08 22:06:33.421695
667,327,2,-7053.0,2020-12-29 15:32:14.696112
668,327,3,9108.69,2023-07-05 00:30:58.321609
669,327,1,9055.51,2024-03-27 06:27:45.014379
670,328,2,6984.579999999999,2024-08-27 01:48:30.023879
671,328,3,-1911.6299999999999,2021-12-22 11:58:00.199105
672,329,2,4399.5,2020-04-30 12:03:31.171472
673,329,4,-2110.79,2022-09-01 13:14:06.415498
674,329,3,-1407.31,2024-05-25 21:12:56.051470
675,330,1,11879.710000000001,2021-09-08 03:56:41.218092
676,330,2,7288.3,2020-03-01 02:16:03.298679
677,330,4,-9262.75,2023-11-21 16:51:05.733348
678,331,4,5508.0,2019-12-20 18:31:06.608572
679,331,1,25834.910000000003,2022-02-23 19:13:44.640692
680,332,2,17306.43,2021-10-01 17:40:39.490602
681,332,3,6040.6,2022-11-27 03:06:19.107203
682,332,1,5682.05,2021-07-03 15:03:08.934371
683,333,4,-19733.03,2019-11-27 01:38:11.991843
684,334,4,12635.720000000001,2024-06-23 07:26:24.443547
685,334,3,12177.98,2024-04-11 22:56:59.343414
686,335,3,-12723.199999999999,2022-11-20 05:58:29.521373
687,336,3,12494.0,2023-10-12 13:46:30.038668
688,337,2,16603.7,2021-08-14 23:46:01.028199
689,338,2,6232.92,2023-04-29 08:47:05.323761
690,338,1,19908.4,2023-03-07 02:23:44.206008
691,339,1,26009.46,2021-11-11 14:28:51.768955
692,339,3,-3234.48,2022-04-10 01:45:20.518406
693,340,1,25416.89,2022-12-24 23:20:09.383928
694,341,2,-19739.16,2020-08-07 09:53:27.815369
695,341,3,11753.44,2022-05-30 14:45:07.308896
696,342,1,19547.21,2023-05-14 09:30:28.842769
697,343,1,42411.189999999995,2023-09-17 16:16:49.518961
698,343,2,4430.110000000001,2023-01-13 13:24:23.351901
699,343,2,20183.23,2021-07-26 08:17:15.769980
700,344,4,7.89,2022-11-01 01:00:36.681648
701,344,3,6487.66,2020-02-19 19:56:54.070721
702,345,1,39614.48,2022-03-21 12:48:49.599446
703,345,2,-8949.29,2023-12-01 14:10:21.413663
704,345,4,-4630.41,2020-03-07 06:30:49.302894
705,346,4,-1734.66,2022-09-28 07:22:15.078264
706,346,3,-21932.69,2022-01-06 22:43:35.319696
707,346,4,2196.87,2020-02-14 14:22:39.992041
708,347,3,-13697.42,2024-06-08 19:29:01.903360
709,347,1,17106.48,2024-06-02 11:50:48.075598
710,348,1,11928.75,2022-10-21 07:00:09.486003
711,349,4,-7433.7300000000005,2020-03-14 07:10:08.841657
712,349,4,-16848.6,2022-12-25 11:04:50.686935
713,350,3,1010.23,2020-01-27 08:48:10.043065
714,350,1,11653.13,2023-08-01 21:34:39.207086
715,350,1,9807.93,2024-08-27 11:58:14.070955
716,351,1,24297.08,2024-06-26 12:21:14.659256
717,351,2,1269.74,2022-07-30 11:08:41.091345
718,351,2,5070.87,2020-07-26 03:18:38.599654
719,352,3,8338.94,2022-02-27 14:46:06.067763
720,353,1,37125.01,2023-03-22 20:45:12.466046
721,353,1,15392.8,2023-11-20 20:39:07.551670
722,353,4,8496.9,2022-05-14 06:17:02.124574
723,354,4,5796.27,2024-04-11 21:02:03.049865
724,355,4,-1417.01,2020-09-08 07:02:40.518588
725,356,4,5560.23,2020-01-11 07:35:21.651228
726,357,2,12674.85,2022-01-29 09:38:44.192749
727,357,4,-6724.36,2022-02-22 15:40:49.289772
728,358,2,7448.12,2024-04-14 20:05:53.814522
729,358,4,15480.859999999999,2022-11-26 20:51:14.739640
730,358,3,-14486.420000000002,2020-07-09 13:17:16.524636
731,359,1,22375.54,2021-05-15 02:51:16.376107
732,360,1,39611.57,2021-05-13 12:20:51.743605
733,360,1,15508.57,2021-05-21 03:47:09.755348
734,360,4,-8330.35,2024-10-22 08:54:41.890599
735,361,3,7358.469999999999,2024-04-28 05:19:58.872418
736,362,1,23676.21,2024-01-11 02:10:09.428343
737,363,4,-35036.21,2021-10-27 12:21:57.602086
738,363,1,26681.85,2023-06-30 07:11:24.913866
739,363,2,-17876.93,2022-01-27 09:00:49.144300
740,364,2,19338.15,2019-12-10 21:17:40.359164
741,364,2,-3656.26,2021-07-10 05:19:16.565159
742,364,3,13438.01,2024-03-08 17:53:16.086708
743,365,2,-5570.67,2021-02-15 00:48:38.954297
744,365,4,-3885.9,2023-06-27 22:49:59.320465
745,366,2,-5451.65,2021-05-10 09:41:13.480027
746,366,3,2953.53,2020-03-07 10:01:38.190537
747,367,4,8684.6,2020-11-25 07:40:09.613078
748,367,1,28753.46,2020-02-10 06:16:28.303542
749,367,2,11683.96,2021-08-14 17:06:06.717758
750,368,1,22297.01,2021-07-23 22:44:17.547190
751,368,1,3547.28,2023-03-18 12:31:22.273037
752,368,1,18072.76,2020-07-11 02:35:55.698826
753,369,4,15696.01,2024-07-24 02:25:46.248871
754,369,2,12017.7,2020-12-05 00:25:26.364711
755,369,4,-1139.22,2020-02-15 19:28:50.491697
756,370,4,-1576.06,2020-08-10 13:37:42.316365
757,370,2,13257.07,2022-03-19 01:23:30.584482
758,371,1,42333.13,2023-07-08 06:33:23.484872
759,371,4,-6704.44,2022-06-10 00:59:21.099791
760,371,4,1792.76,2023-04-19 01:36:30.263530
761,372,4,7527.0,2020-07-10 16:57:48.734957
762,372,4,-13379.6,2021-06-25 18:27:33.602469
763,372,2,10083.92,2019-11-28 04:32:00.968502
764,373,1,21644.54,2020-05-05 03:18:14.236222
765,373,3,6560.49,2023-12-26 09:22:29.906358
766,374,2,3510.39,2023-05-15 23:22:42.600007
767,375,4,-10297.64,2022-12-25 13:28:31.731103
768,376,3,5258.110000000001,2020-01-03 04:59:45.945426
769,377,3,946.52,2020-05-08 04:42:17.451775
770,377,3,12674.06,2020-08-21 23:10:05.887019
771,378,2,-4168.44,2021-11-15 19:23:54.140781
772,379,1,9329.67,2024-02-16 07:30:33.297678
773,379,3,-33155.22,2020-12-19 06:48:33.502753
774,380,4,-14751.23,2023-09-23 14:41:55.157343
775,380,1,12474.169999999998,2022-05-13 08:49:54.375338
776,381,4,-10127.56,2021-05-13 12:10:32.190127
777,381,2,-4870.3099999999995,2022-10-31 08:32:43.413697
778,382,4,696.03,2021-03-13 15:56:12.453345
779,382,1,6081.45,2023-03-22 09:09:00.511693
780,383,4,17068.530000000002,2021-12-09 11:58:25.823955
781,384,4,5333.05,2020-06-21 03:55:17.643550
782,384,1,12186.96,2024-05-12 07:38:37.039137
783,385,3,-9511.58,2022-01-23 17:59:30.998365
784,386,4,4995.34,2019-12-06 05:29:12.822445
785,386,4,-247.78999999999996,2020-11-19 12:15:05.689240
786,387,3,8745.65,2021-02-20 15:50:55.848513
787,388,1,18673.27,2020-11-29 22:57:47.251860
788,388,2,-4586.949999999998,2022-01-13 05:48:00.396859
789,389,4,3463.38,2019-11-05 04:24:37.698626
790,389,1,26797.59,2023-02-10 01:04:13.046199
791,390,1,20239.63,2022-11-26 15:12:20.486758
792,391,3,-7135.87,2022-04-30 04:55:18.886555
793,392,2,2388.11,2021-02-04 23:20:43.589016
794,393,4,13694.380000000001,2022-03-24 12:26:17.790416
795,393,1,9309.23,2021-01-22 00:42:40.259467
796,394,2,-13480.5,2019-12-25 23:46:40.854289
797,394,1,20194.0,2021-09-02 21:24:29.102649
798,394,4,9972.37,2024-01-09 02:44:16.461428
799,395,4,-7051.52,2024-10-13 11:55:52.831864
800,395,1,26110.16,2024-05-28 07:54:14.945055
801,395,4,369.51,2023-12-09 09:43:50.644053
802,396,2,-1602.08,2021-03-15 23:07:46.760658
803,397,4,-20374.13,2022-05-30 19:10:41.414817
804,398,4,11888.44,2024-04-11 21:20:54.233223
805,398,4,-17838.67,2021-10-02 11:49:56.532556
806,398,3,17612.120000000003,2022-01-15 09:09:06.928706
807,399,1,23277.78,2021-04-07 17:08:57.217991
808,400,4,4063.74,2021-01-25 15:55:57.909067
809,401,1,16300.72,2021-03-26 04:46:51.949723
810,402,4,8153.14,2022-10-12 19:46:55.919628
811,402,1,10385.14,2020-11-24 03:08:06.227582
812,402,3,-5849.96,2021-04-24 17:47:06.555144
813,403,4,23621.77,2019-11-04 15:24:48.349197
814,403,4,-275.66,2023-11-28 15:14:50.579748
815,404,3,5530.209999999999,2021-01-24 21:40:00.031399
816,404,4,-7480.079999999999,2020-11-27 08:58:43.468585
817,405,4,4806.98,2024-03-10 05:23:44.794888
818,405,2,18618.1,2022-06-24 11:07:45.332309
819,405,2,15093.16,2023-08-03 16:51:59.602024
820,406,3,-9279.09,2021-06-21 22:07:57.524399
821,406,2,6653.74,2021-06-02 06:30:54.724957
822,407,4,15035.29,2022-02-24 18:12:43.744899
823,407,1,13581.98,2021-05-06 05:27:18.404982
824,408,4,12379.6,2021-10-28 03:12:25.442568
825,408,2,-4954.490000000001,2022-10-25 07:15:41.892519
826,408,3,-6452.85,2020-01-07 04:53:50.630910
827,409,1,25353.28,2024-10-26 04:55:17.997416
828,409,4,2215.25,2024-03-30 01:04:48.276106
829,410,4,-10988.92,2021-04-04 07:11:35.276304
830,411,3,9058.56,2021-12-06 03:36:27.872990
831,412,3,-3172.83,2021-01-16 18:55:28.519844
832,413,3,15462.7,2022-03-30 12:25:44.567304
833,414,1,32994.92,2021-05-01 07:52:36.578962
834,415,1,29168.22,2023-11-01 15:23:51.317584
835,415,2,-1720.63,2021-06-24 10:48:51.937501
836,415,3,2380.06,2023-05-09 13:31:30.218709
837,416,1,22681.03,2019-11-04 10:36:11.453480
838,416,4,-8766.09,2020-04-11 12:54:42.440391
839,416,2,-1916.4099999999999,2021-02-06 22:28:52.424211
840,417,4,-8547.11,2022-08-04 20:37:31.697784
841,417,1,30977.25,2023-05-29 14:38:08.244866
842,417,3,-3294.26,2021-02-09 07:53:06.736677
843,418,4,7938.1,2024-09-24 17:36:59.714342
844,418,4,3689.94,2022-02-05 20:00:53.762022
845,418,3,-6861.18,2020-11-29 00:34:47.464091
846,419,4,-67.78,2021-04-30 15:40:34.889172
847,419,1,19059.06,2020-04-04 12:51:21.141420
848,420,4,14809.250000000002,2019-11-05 05:57:50.933897
849,420,4,8905.13,2021-04-30 15:49:48.306167
850,420,2,-10694.95,2022-09-22 03:28:50.001059
851,421,2,-3782.9000000000005,2024-10-19 20:07:14.639362
852,421,1,16253.169999999998,2021-04-24 11:05:23.534347
853,422,1,37924.89,2024-04-28 05:18:58.627867
854,423,2,-9540.0,2024-02-10 23:59:19.306823
855,423,4,-11512.25,2024-01-31 19:22:12.080053
856,423,2,-1003.3,2019-12-01 12:00:51.096728
857,424,1,12533.84,2024-06-14 13:13:31.274659
858,424,4,-7579.16,2021-01-01 23:48:05.025007
859,425,2,9850.8,2020-04-22 00:38:05.963701
860,426,3,4475.19,2021-03-29 22:31:09.517859
861,426,1,23422.890000000003,2022-03-27 09:59:24.653401
862,426,3,7126.66,2023-01-12 22:36:31.658842
863,427,2,7965.19,2019-11-27 17:29:14.387319
864,427,1,10030.39,2024-09-13 14:19:22.573524
865,428,1,15310.0,2023-07-08 21:48:23.490730
866,429,2,33325.28,2024-04-02 09:21:13.811613
867,429,3,-2140.4399999999996,2023-11-29 09:25:44.406835
868,429,4,-5898.52,2023-08-22 07:59:31.911438
869,430,2,-161.31,2023-10-16 16:16:46.946570
870,430,3,-9867.11,2024-10-16 12:07:34.261854
871,431,2,11614.12,2021-07-27 06:01:56.932835
872,431,4,11432.740000000002,2020-10-14 21:32:27.652453
873,432,3,-30871.29,2021-07-09 14:25:22.162906
874,432,3,17042.54,2020-02-11 15:11:19.840915
875,433,1,20446.43,2023-11-19 22:37:34.693467
876,433,2,528.91,2023-04-11 15:36:20.881262
877,433,3,4286.780000000001,2021-03-06 13:03:58.176639
878,434,2,20936.210000000003,2022-10-10 10:14:01.643568
879,435,2,-4505.29,2019-12-28 03:15:24.752007
880,435,3,-2510.58,2021-01-02 03:26:11.593028
881,436,2,-872.83,2022-08-11 00:15:05.832893
882,436,1,44698.24999999999,2023-12-16 02:10:51.933101
883,436,1,21038.34,2023-06-15 00:35:02.285569
884,437,2,10224.48,2021-03-19 23:08:54.523025
885,438,4,-258.39,2024-01-16 23:44:31.699710
886,438,2,6200.02,2024-07-12 10:00:00.772765
887,438,4,-20362.280000000002,2023-10-27 00:16:18.294393
888,439,2,-7387.96,2020-05-10 22:56:28.056266
889,439,1,18856.2,2023-06-14 10:51:58.474853
890,439,4,-5660.93,2021-10-03 06:33:47.963284
891,440,2,793.32,2021-12-04 19:20:58.571270
892,440,4,437.26,2022-01-17 03:44:37.829973
893,441,1,43512.14,2020-01-13 22:40:42.324568
894,441,2,6687.450000000001,2023-04-21 04:06:55.062477
895,441,1,28663.23,2022-07-01 20:53:51.115067
896,442,1,14858.46,2022-06-27 21:29:07.120990
897,442,3,-1178.47,2020-07-09 22:12:17.449561
898,443,1,27110.17,2023-02-15 16:45:35.984599
899,444,4,1825.0899999999997,2023-03-13 18:15:47.286666
900,444,2,7532.54,2024-03-24 22:54:18.486419
901,444,4,8864.24,2020-06-06 19:48:28.361495
902,445,3,-5321.57,2023-11-28 14:38:03.150927
903,445,4,4763.29,2023-02-22 05:38:41.614950
904,445,2,5658.549999999999,2023-04-03 09:08:29.865220
905,446,4,-4450.73,2020-12-23 18:35:59.163384
906,447,2,-3709.93,2021-04-05 03:31:58.555336
907,447,4,7308.48,2021-06-15 14:46:12.952387
908,448,4,7468.71,2023-10-08 20:44:54.012455
909,449,2,3291.25,2023-04-04 21:57:09.290685
910,449,2,-4748.05,2023-04-12 09:47:58.502723
911,449,1,42925.01,2021-04-18 04:43:01.795079
912,450,2,619.5799999999999,2020-12-13 04:05:18.377858
913,450,2,6141.69,2020-09-06 07:37:18.681291
914,451,2,-13621.17,2020-07-02 23:02:20.500666
915,451,4,-1398.34,2019-11-08 23:00:44.057748
916,451,3,-10336.26,2024-06-25 18:31:22.130693
917,452,1,12393.499999999998,2020-06-22 00:32:06.271782
918,453,4,-6189.93,2024-09-25 01:11:21.971070
919,454,3,-5276.28,2022-03-28 10:23:12.319400
920,454,2,-599.4300000000001,2020-09-15 14:04:00.559204
921,455,1,30353.61,2024-08-04 19:29:09.882752
922,455,2,-5281.5,2023-07-18 16:32:25.132680
923,455,1,37314.47,2023-06-12 08:51:41.126291
924,456,1,9490.5,2024-04-24 01:23:23.944995
925,456,4,-12626.25,2021-07-02 06:26:37.408389
926,457,4,2869.69,2019-12-08 16:56:23.311557
927,457,3,4679.91,2023-09-02 10:40:03.002273
928,457,2,-1260.07,2022-05-22 05:45:40.949603
929,458,3,-4292.59,2024-07-10 12:04:33.717571
930,459,1,25040.5,2024-03-14 05:09:29.217461
931,459,1,17185.22,2021-12-29 00:39:44.879151
932,460,1,6636.4,2024-10-16 11:24:55.984289
933,460,3,2096.7699999999995,2020-03-26 23:27:32.878027
934,460,2,1786.15,2024-08-07 15:54:58.883069
935,461,1,32322.84,2024-02-18 02:16:50.110966
936,462,3,6604.24,2020-04-10 19:40:09.129421
937,462,2,3629.1399999999994,2024-09-28 12:25:43.105888
938,463,1,10154.75,2022-06-18 13:30:14.606252
939,463,3,-8424.869999999999,2022-12-21 09:49:42.296473
940,464,1,25298.05,2022-09-17 03:05:47.235864
941,464,3,-1103.34,2021-05-24 19:58:34.396982
942,464,1,44401.51,2024-09-19 06:11:17.991102
943,465,2,5672.19,2020-06-16 11:43:44.788167
944,465,4,-9628.05,2024-09-27 18:06:12.580186
945,465,4,16406.9,2023-07-06 14:20:54.920092
946,466,3,-14430.76,2023-11-11 06:05:25.539159
947,466,2,-4079.81,2020-03-26 12:01:55.350270
948,466,3,15972.81,2021-10-17 02:17:50.700798
949,467,3,-25176.79,2023-10-29 02:36:37.822811
950,468,4,-1414.5600000000009,2019-12-18 05:23:41.470844
951,469,1,20460.23,2022-01-19 15:29:05.479173
952,469,1,46785.25,2022-06-15 13:48:29.146934
953,469,1,31070.59,2021-04-30 05:24:43.506800
954,470,1,15517.980000000001,2022-09-21 21:13:58.311900
955,470,3,-5242.5,2022-11-25 12:32:40.012791
956,470,3,12286.99,2019-11-24 12:00:16.889703
957,471,1,18557.56,2024-07-11 15:59:48.060430
958,471,1,34351.06,2023-04-05 03:28:50.167971
959,471,2,-5000.63,2020-12-24 01:28:31.971058
960,472,4,24667.96,2021-02-17 22:25:58.962453
961,473,1,42207.84,2022-12-27 15:56:32.483067
962,474,4,20005.89,2023-11-06 02:42:59.557379
963,475,4,1626.46,2022-08-28 16:29:21.504075
964,475,4,-3347.5,2022-09-26 17:05:23.412175
965,475,3,10248.99,2020-02-28 11:58:40.260694
966,476,2,-4472.34,2020-08-05 07:21:30.133443
967,476,4,-6500.2,2022-05-08 06:38:10.844966
968,476,2,-8841.449999999999,2022-06-19 17:12:05.910886
969,477,4,-7129.63,2019-11-03 13:01:51.064795
970,477,4,12570.979999999998,2023-06-08 10:30:32.972653
971,477,1,29740.31,2022-11-20 05:24:18.699602
972,478,3,-569.7400000000002,2024-10-01 19:35:41.124964
973,479,4,-21671.6,2020-05-20 08:16:52.025119
974,479,4,5390.719999999999,2020-12-22 20:17:10.172926
975,479,2,-17144.62,2022-06-07 15:04:55.367990
976,480,3,-1027.31,2021-04-03 05:25:21.649539
977,481,4,8263.630000000001,2023-01-29 08:21:22.174773
978,481,4,-8554.39,2020-08-26 01:43:23.402682
979,481,1,10270.29,2021-01-21 18:48:23.461864
980,482,4,-16689.82,2020-11-26 08:00:06.357843
981,482,2,8479.349999999999,2021-03-29 11:00:34.476464
982,482,1,12792.39,2023-11-12 03:37:18.694530
983,483,4,-6495.4,2024-07-06 07:00:00.857779
984,483,2,1159.71,2023-01-17 04:54:25.912674
985,484,3,-4762.28,2023-10-20 09:46:36.273213
986,484,2,2444.51,2020-09-06 22:42:02.522188
987,484,3,16904.93,2020-01-21 11:38:50.068783
988,485,1,0.0,2024-09-20 01:02:04.328272
989,486,4,3857.93,2023-11-18 11:40:42.069617
990,486,4,6664.47,2023-03-25 08:05:12.590815
991,486,4,3961.05,2024-04-04 00:34:36.095167
992,487,4,2616.8100000000004,2021-10-01 02:46:26.371343
993,488,1,30544.9,2020-09-18 07:09:36.324061
994,489,3,-3476.44,2020-07-29 02:22:06.748078
995,489,1,25755.78,2024-10-11 00:44:47.542911
996,489,3,460.28999999999996,2020-03-25 14:01:31.152195
997,490,1,29145.81,2024-06-25 07:44:16.794163
998,491,2,-22728.57,2020-10-24 21:16:56.684219
999,491,1,25752.949999999997,2023-12-26 15:48:34.874016
1000,491,3,-4000.1400000000003,2024-10-27 00:48:51.200944
1001,492,4,-20401.519999999997,2024-07-08 22:55:01.360994
1002,492,1,4267.789999999999,2021-10-24 03:30:16.042284
1003,493,1,25598.56,2022-09-05 09:49:00.771054
1004,493,1,9765.58,2020-11-13 18:22:51.274936
1005,493,3,3541.5700000000006,2022-09-30 20:18:59.120605
1006,494,2,13673.65,2022-10-14 04:33:03.612948
1007,494,1,18838.1,2020-12-09 14:21:22.662841
1008,495,2,6488.14,2020-06-07 17:26:47.488340
1009,495,4,25924.31,2022-06-26 22:45:04.007759
1010,496,1,44731.18,2019-11-26 18:20:23.699023
1011,496,3,-2669.01,2021-01-07 14:22:51.613375
1012,497,2,10046.099999999999,2023-12-24 18:41:51.479645
1013,497,2,9238.75,2020-12-22 13:00:57.769810
1014,497,4,-1049.99,2021-04-07 04:10:13.003846
1015,498,4,8458.42,2021-07-12 11:40:02.760511
1016,498,4,6989.23,2024-05-18 00:53:27.180495
1017,499,2,8064.5199999999995,2020-03-30 13:13:29.458887
1018,500,3,17811.649999999998,2022-06-15 21:32:03.194844
1019,500,3,-3878.28,2023-11-24 23:41:12.161259
1020,501,1,17540.16,2022-10-24 19:08:19.999592
1021,501,1,22527.640000000003,2019-11-06 08:55:17.627903
1022,501,2,-5060.95,2022-09-12 02:26:39.019556
1023,502,3,-4845.02,2020-02-06 18:50:02.599463
1024,502,4,-3590.05,2024-03-07 12:10:19.621015
1025,502,2,11508.52,2021-06-28 17:13:03.295941
1026,503,1,32089.47,2020-09-27 03:38:32.626232
1027,503,1,29671.63,2023-12-28 08:34:29.098279
1028,504,3,-14163.64,2022-09-21 16:21:29.546737
1029,504,2,1707.2200000000003,2023-12-28 15:30:13.281265
1030,505,3,7666.93,2024-02-08 09:43:29.975012
1031,506,4,19104.019999999997,2022-08-10 08:32:30.797657
1032,507,1,26727.07,2024-08-16 07:23:41.620036
1033,507,2,18039.99,2021-10-04 15:05:16.853772
1034,508,1,50659.81,2022-09-03 04:40:49.167356
1035,508,4,2162.17,2024-02-17 13:02:05.829618
1036,508,2,-10012.68,2022-12-02 11:15:53.788808
1037,509,1,13839.380000000001,2022-05-09 21:57:39.709473
1038,509,2,14171.33,2019-11-30 14:58:47.099645
1039,509,4,4963.85,2022-10-14 04:10:58.852611
1040,510,2,-15269.91,2023-06-22 04:46:13.774928
1041,511,3,16886.16,2024-06-21 21:14:16.567070
1042,511,1,13694.75,2024-03-10 04:41:43.585587
1043,512,1,21069.22,2020-10-22 04:25:51.974147
1044,512,3,13715.13,2024-04-23 08:09:46.651642
1045,512,3,5505.66,2022-07-30 02:11:20.069678
1046,513,1,44555.51,2023-11-24 05:22:43.056102
1047,513,3,4807.08,2021-05-12 01:00:03.321087
1048,514,3,-14457.36,2024-06-15 07:28:08.447333
1049,515,2,-5747.63,2021-08-14 18:37:21.779754
1050,515,2,-23381.760000000002,2019-12-31 12:23:05.831519
1051,516,4,5570.67,2021-05-26 06:18:17.017775
1052,516,1,14931.8,2023-05-18 05:16:07.221013
1053,517,1,21719.98,2020-06-06 18:25:03.694669
1054,518,1,31066.18,2020-03-12 22:41:54.195276
1055,518,2,-976.62,2022-09-06 22:55:17.748287
1056,518,3,-12095.18,2020-06-04 11:58:53.472226
1057,519,1,24504.76,2020-07-07 04:21:39.667473
1058,519,3,2235.12,2023-12-15 14:02:18.847755
1059,520,2,4195.78,2021-12-26 20:31:04.227813
1060,521,4,3349.13,2020-06-22 00:36:45.017174
1061,521,2,-14584.4,2020-08-12 13:17:56.930601
1062,522,2,-5167.48,2020-10-02 00:23:51.738747
1063,523,2,-12114.56,2023-10-26 21:01:37.102590
1064,524,4,6272.45,2022-08-22 20:56:14.214033
1065,524,2,-5505.2,2021-06-14 12:11:39.310347
1066,525,2,990.06,2024-01-14 04:40:16.594156
1067,526,3,6063.92,2020-10-01 09:19:06.107924
1068,526,1,17277.43,2024-07-09 21:19:07.666239
1069,526,2,8537.55,2020-08-19 03:33:18.219671
1070,527,4,2650.98,2021-01-16 23:55:21.722682
1071,527,4,3120.9300000000003,2021-12-07 16:26:51.172467
1072,528,3,11342.980000000001,2020-07-04 19:30:54.767153
1073,528,4,-5560.84,2020-03-21 10:14:46.997034
1074,529,2,-2699.55,2023-05-18 15:14:18.378473
1075,529,4,-8886.05,2023-03-02 12:59:41.122871
1076,530,1,28526.32,2021-06-15 01:50:32.050415
1077,531,2,4205.57,2021-01-16 19:37:12.661265
1078,532,2,-8217.599999999999,2024-10-19 22:23:21.930923
1079,533,1,19037.87,2021-10-03 15:31:29.014602
1080,533,1,28195.8,2021-04-09 16:52:27.520109
1081,534,4,-1909.79,2024-03-13 16:18:03.215040
1082,534,2,-20147.04,2022-04-11 05:31:54.867239
1083,534,4,28114.43,2022-11-29 00:14:18.257605
1084,535,4,17437.02,2021-01-06 00:43:52.907464
1085,536,3,-6770.05,2024-01-19 21:10:47.806612
1086,536,2,-19919.11,2021-01-20 15:20:56.669134
1087,537,3,-2742.14,2020-03-06 00:40:22.911719
1088,537,4,-15168.12,2021-04-05 04:34:11.771364
1089,538,4,18202.94,2021-03-12 19:22:23.929795
1090,538,3,-5529.04,2023-05-10 13:16:11.847903
1091,539,1,45557.469999999994,2022-01-10 04:26:42.158121
1092,539,4,-3216.0199999999995,2024-06-17 18:35:21.198931
1093,539,1,16427.7,2022-11-17 05:26:24.384083
1094,540,3,-11757.4,2023-10-09 01:01:48.510338
1095,541,4,-3451.77,2021-03-09 13:51:31.066533
1096,541,3,-19698.449999999997,2023-06-21 17:25:08.067965
1097,542,2,-16512.7,2020-05-14 09:36:21.723403
1098,543,4,-3961.46,2020-03-10 19:32:09.131006
1099,544,2,-4134.18,2022-03-08 10:03:48.570243
1100,545,1,30731.739999999998,2023-05-20 20:27:32.173472
1101,546,3,7407.48,2020-11-20 23:21:47.992905
1102,546,3,7233.620000000001,2020-08-07 13:10:04.189729
1103,547,1,18976.91,2020-04-16 06:26:34.186893
1104,547,1,998.7299999999996,2020-05-13 12:04:39.249821
1105,548,1,7525.03,2021-03-02 10:27:34.526868
1106,548,1,33358.68,2022-07-01 09:22:06.466447
1107,548,4,-2798.67,2022-10-05 06:26:40.031852
1108,549,1,16096.240000000002,2023-07-24 11:54:43.458033
1109,550,4,4352.45,2024-05-04 18:22:58.966564
1110,550,4,15464.599999999999,2022-10-14 10:12:03.885661
1111,551,3,29120.660000000003,2022-04-09 21:05:20.720158
1112,551,1,12066.1,2023-10-05 16:15:52.064060
1113,552,4,-1832.17,2024-09-27 03:01:32.125737
1114,553,1,30927.170000000006,2020-01-07 21:34:16.147544
1115,553,1,0.0,2023-04-21 20:28:51.204127
1116,554,1,9457.4,2023-08-24 22:06:56.539320
1117,554,2,19961.600000000002,2019-12-07 15:42:36.384932
1118,555,2,-5434.509999999999,2020-03-17 10:30:02.553850
1119,555,2,-18672.98,2020-11-27 16:27:53.461881
1120,555,3,-17339.45,2020-02-06 08:37:03.190868
1121,556,3,-4538.0,2023-05-22 22:47:55.288356
1122,557,3,-10133.96,2023-08-31 13:36:11.822091
1123,558,2,6051.3499999999985,2020-12-26 04:25:44.194484
1124,558,2,-13063.18,2020-12-11 10:25:58.188949
1125,559,4,5443.04,2023-02-06 20:31:07.543945
1126,560,3,10132.0,2021-04-21 02:28:46.266084
1127,560,3,16514.05,2022-09-19 02:19:50.340517
1128,561,1,13528.21,2022-09-05 10:15:51.119276
1129,561,2,-1214.34,2022-09-03 20:43:16.590518
1130,561,4,-7610.54,2020-10-02 06:31:35.632028
1131,562,3,-1050.37,2020-12-17 20:15:44.511384
1132,563,1,26319.8,2022-01-03 23:02:13.749094
1133,563,3,6605.05,2023-03-24 15:59:01.799380
1134,564,4,2803.8100000000004,2024-06-22 22:15:48.337741
1135,565,3,-68.89,2024-03-09 07:25:41.364165
1136,566,1,34107.58,2023-10-19 04:03:43.643748
1137,566,2,736.77,2023-08-09 10:01:49.405758
1138,567,1,13483.14,2022-03-28 17:12:45.295752
1139,567,3,-17749.5,2020-06-02 04:15:03.156527
1140,567,3,-3099.58,2022-02-24 22:11:21.127178
1141,568,2,266.73,2022-05-14 06:58:15.197228
1142,569,2,13639.43,2023-06-01 17:58:27.517708
1143,570,4,-5261.97,2024-02-23 01:26:08.335541
1144,571,1,17883.16,2021-10-01 23:25:25.750344
1145,571,2,10278.71,2021-03-09 14:03:34.687957
1146,571,4,8995.7,2023-08-08 19:51:30.584714
1147,572,2,-5317.28,2020-01-02 16:09:36.285671
1148,572,4,23582.75,2020-08-22 18:59:33.506153
1149,573,2,-3463.1,2021-04-14 23:55:51.725641
1150,573,4,8122.85,2022-07-22 09:49:36.815208
1151,574,2,2241.48,2023-03-15 02:43:25.081737
1152,575,1,8024.34,2022-01-06 02:27:07.324270
1153,576,4,-1105.4999999999995,2019-12-23 03:45:19.442559
1154,576,4,-13477.5,2021-05-27 13:50:59.480061
1155,577,4,5620.87,2023-05-26 19:10:55.613443
1156,577,1,39936.63,2020-10-06 01:58:51.359055
1157,578,3,-2918.88,2023-08-08 16:09:02.101321
1158,578,2,9315.13,2024-07-17 03:39:45.500964
1159,579,4,13574.19,2023-01-01 15:00:55.505544
1160,579,1,14924.04,2020-04-26 11:09:22.719198
1161,579,2,-9556.61,2022-08-22 08:28:37.832705
1162,580,1,17547.61,2022-08-29 08:07:32.899495
1163,580,4,-4982.14,2020-11-11 21:48:01.304020
1164,581,4,1759.1,2022-03-11 16:05:44.335273
1165,581,3,9619.5,2023-08-24 14:06:10.134429
1166,581,1,25623.71,2023-11-09 07:16:35.599107
1167,582,2,-4878.78,2021-01-17 12:24:58.364846
1168,582,4,3490.09,2024-05-01 21:48:29.328806
1169,583,2,6098.59,2020-06-27 10:21:02.692006
1170,584,1,16799.929999999997,2020-07-12 09:52:09.525325
1171,585,2,18862.94,2024-10-08 22:58:01.598861
1172,585,2,4794.42,2021-10-04 23:28:03.030115
1173,585,4,-1138.4299999999998,2021-03-20 08:52:12.527866
1174,586,4,-477.63,2020-06-29 06:36:33.272504
1175,586,3,5860.06,2023-03-24 07:41:28.617061
1176,587,4,-9022.12,2023-01-20 21:05:23.036843
1177,587,1,36347.84,2021-08-27 11:46:03.847283
1178,588,4,-3104.4300000000003,2021-05-09 02:54:40.308556
1179,589,3,4623.35,2022-09-23 12:21:32.448385
1180,589,1,8783.42,2022-02-09 06:16:41.192154
1181,590,1,23280.94,2024-01-11 16:16:11.810672
1182,590,3,-2910.11,2024-07-09 22:47:00.175917
1183,590,4,-11965.47,2021-10-14 01:04:06.083744
1184,591,3,4574.75,2024-04-04 10:30:15.361602
1185,591,2,-1923.42,2024-06-27 09:59:58.709410
1186,592,2,-10360.039999999999,2024-03-12 17:23:43.961402
1187,592,4,5833.64,2020-06-05 18:48:19.420552
1188,593,3,1636.8,2022-07-06 02:40:23.889726
1189,593,3,93.13999999999987,2020-05-04 06:35:41.404955
1190,594,1,20557.079999999998,2021-06-25 04:40:22.224792
1191,594,2,12728.64,2021-08-16 08:45:30.387694
1192,594,2,126.34,2020-06-05 06:23:04.176613
1193,595,1,14901.55,2020-06-10 05:14:03.852911
1194,595,3,10534.679999999998,2022-02-15 21:31:35.347459
1195,596,2,-14901.07,2024-06-07 03:03:11.035777
1196,596,2,-6368.39,2024-05-04 00:19:05.580775
1197,597,3,14925.62,2022-06-13 14:41:04.514449
1198,598,2,8323.32,2021-04-26 22:34:05.811376
1199,599,4,7036.26,2024-07-08 12:53:27.430337
1200,600,1,42835.19,2020-10-18 04:09:16.025866
1201,601,3,-6212.17,2022-10-20 03:13:36.507193
1202,601,4,-6996.3099999999995,2023-12-20 10:40:39.399307
1203,601,4,-2608.11,2021-06-21 12:06:23.808364
1204,602,4,772.0700000000002,2024-10-11 18:04:51.688669
1205,602,4,8207.869999999999,2022-01-13 20:12:41.781071
1206,602,3,1893.5499999999997,2020-12-02 00:01:25.846449
1207,603,1,13742.11,2022-04-19 08:08:14.969859
1208,603,4,5329.4,2024-03-30 04:54:10.063434
1209,604,4,-10060.52,2020-05-19 23:10:48.060036
1210,604,2,-3313.98,2023-06-10 17:53:18.806388
1211,604,4,-314.47,2023-12-04 14:35:53.368168
1212,605,3,-10777.32,2021-01-19 17:32:22.429774
1213,605,2,-9298.64,2021-01-23 22:35:26.665694
1214,606,1,25585.800000000003,2022-08-13 21:18:10.006317
1215,606,3,-1.4899999999997817,2021-04-16 18:36:45.330492
1216,606,1,15890.91,2021-10-12 04:46:13.559925
1217,607,1,15098.0,2023-05-04 04:10:12.716075
1218,607,2,10059.32,2023-10-12 09:05:04.569987
1219,607,4,-13556.56,2024-09-07 01:21:04.257172
1220,608,1,34070.21,2023-03-08 21:13:10.916954
1221,608,3,-26900.29,2022-12-23 05:19:34.880899
1222,608,2,4977.67,2022-08-20 06:30:27.742965
1223,609,1,3347.1899999999987,2021-10-18 19:44:51.717793
1224,609,3,3146.8199999999997,2024-06-02 21:08:04.391747
1225,610,1,3983.16,2020-05-18 23:46:57.338208
1226,610,3,-6108.46,2020-03-22 17:51:19.942543
1227,611,2,-2029.48,2022-11-20 11:59:58.954954
1228,611,4,10880.169999999998,2022-03-11 15:20:34.757233
1229,611,2,-6447.71,2023-03-27 03:56:41.254692
1230,612,4,22245.54,2020-03-26 11:32:18.972877
1231,613,2,-6876.639999999999,2022-08-10 21:24:45.629030
1232,613,2,-716.3800000000001,2023-05-15 02:59:21.394362
1233,614,3,-5341.0199999999995,2020-01-31 11:25:46.726635
1234,614,1,14523.11,2020-08-28 10:17:00.648603
1235,614,2,14327.5,2021-09-23 03:30:26.270852
1236,615,1,12975.0,2024-09-02 16:44:35.201190
1237,616,3,-29425.03,2022-09-23 09:09:59.541730
1238,617,4,6326.41,2021-10-19 02:52:20.792683
1239,618,4,2097.4700000000003,2022-11-09 20:52:29.716424
1240,619,4,-14480.08,2021-02-23 03:22:02.233260
1241,619,3,-15842.04,2023-08-28 23:27:38.337203
1242,620,2,-6237.47,2019-12-29 02:36:59.348437
1243,620,1,23364.91,2024-01-26 15:04:55.575943
1244,620,1,17717.55,2024-09-16 06:40:45.629594
1245,621,3,6022.62,2022-09-13 15:07:39.967160
1246,621,1,20155.89,2021-02-21 15:07:51.643496
1247,622,3,-5358.47,2024-02-21 08:45:37.641255
1248,623,2,-4815.99,2024-06-27 22:03:35.296837
1249,624,2,14980.81,2022-02-15 03:29:10.653543
1250,625,1,19261.34,2024-05-02 11:10:42.651574
1251,625,3,11944.53,2021-04-04 01:20:13.396799
1252,626,2,19755.7,2023-09-29 11:04:27.655919
1253,626,4,3810.06,2021-06-05 18:23:02.436301
1254,626,1,44032.93,2021-07-25 02:51:30.990961
1255,627,1,30099.53,2021-01-31 02:38:09.290771
1256,627,2,-1228.9699999999998,2022-01-18 21:01:57.424844
1257,628,3,-5119.35,2022-12-18 11:24:48.440962
1258,629,1,43261.94,2024-08-04 08:53:04.474725
1259,629,4,3156.77,2020-01-25 20:04:14.280017
1260,629,2,-13763.41,2019-12-21 00:55:16.931090
1261,630,2,10042.05,2024-07-23 00:20:44.312697
1262,631,4,-22441.48,2024-02-29 02:53:20.847230
1263,631,4,2040.27,2020-10-10 01:23:06.615209
1264,632,1,26317.04,2022-11-11 11:29:17.975312
1265,632,4,3250.7500000000005,2023-11-01 17:52:10.119693
1266,632,4,5254.47,2022-04-02 11:30:48.780377
1267,633,2,8388.42,2022-06-15 16:06:56.519658
1268,633,2,1058.55,2021-10-26 16:12:05.651297
1269,634,2,-980.61,2021-12-17 09:01:35.407178
1270,634,3,-2460.73,2020-11-23 17:00:34.199285
1271,634,4,6346.05,2020-06-22 05:44:49.437001
1272,635,4,-551.75,2022-03-03 11:25:52.131667
1273,635,2,27659.82,2020-12-18 23:28:43.882558
1274,636,2,-14157.369999999999,2022-02-21 08:28:50.440628
1275,637,2,1651.64,2023-06-17 05:14:02.823812
1276,638,2,-6778.4,2020-08-21 08:47:00.824178
1277,639,4,6638.59,2020-11-05 22:55:36.453296
1278,639,2,-4989.41,2022-05-10 08:04:06.666900
1279,640,3,-6175.47,2020-06-17 21:32:34.646075
1280,640,3,-3700.6899999999996,2022-04-20 20:33:28.338257
1281,641,2,29005.6,2022-05-02 00:11:43.299390
1282,642,1,7065.3,2021-09-30 06:57:32.368875
1283,642,3,-5422.83,2021-10-03 04:48:58.399217
1284,643,2,13511.44,2024-08-05 19:47:26.161104
1285,644,3,-11995.41,2020-01-04 00:42:18.615231
1286,644,2,-869.3000000000002,2024-02-17 07:08:07.666611
1287,644,2,279.92,2024-07-10 10:58:36.666874
1288,645,3,12359.12,2022-06-18 07:46:27.573076
1289,646,2,-13298.4,2021-07-10 11:22:04.573520
1290,647,2,-3397.48,2020-02-07 07:46:08.070338
1291,647,2,9125.630000000001,2021-12-16 00:11:29.009689
1292,647,4,-8086.24,2024-03-31 05:30:53.118191
1293,648,4,-6909.57,2020-07-14 12:01:25.449091
1294,649,4,8260.54,2020-10-17 09:05:52.779653
1295,650,1,32470.75,2021-03-19 07:53:25.113201
1296,651,4,11658.99,2022-03-13 04:44:51.313724
1297,651,3,13147.28,2024-02-24 11:52:59.809435
1298,651,3,-137.86,2023-05-06 20:30:43.935370
1299,652,2,-222.38999999999976,2020-11-06 02:45:17.163231
1300,652,2,4490.78,2020-03-10 00:02:40.865916
1301,653,1,19682.25,2021-07-11 09:12:30.127288
1302,653,3,-24176.4,2023-01-28 12:28:01.216317
1303,653,2,-15646.52,2021-06-24 21:31:10.981711
1304,654,2,-13819.27,2023-02-09 00:13:39.950061
1305,655,4,-9258.82,2024-02-24 02:02:05.595174
1306,655,4,-7184.22,2020-02-05 00:25:56.181904
1307,655,4,-4334.97,2023-03-30 17:38:31.640698
1308,656,3,25034.23,2024-08-11 05:44:40.798622
1309,656,3,278.63,2022-08-05 10:21:27.808470
1310,656,1,22316.78,2023-03-20 23:30:10.454683
1311,657,3,2242.6,2023-09-13 05:53:50.420904
1312,657,4,-5559.58,2023-03-12 23:05:19.515931
1313,657,3,16386.27,2024-05-21 18:48:36.502173
1314,658,2,3700.62,2021-03-29 14:14:22.837672
1315,658,4,-15301.94,2021-07-30 07:29:43.472715
1316,658,2,-9897.06,2021-01-27 18:41:53.123863
1317,659,3,1417.2000000000003,2024-03-15 22:21:12.345198
1318,659,1,25569.65,2024-04-11 08:29:11.043918
1319,660,4,791.28,2022-03-02 14:34:02.677964
1320,660,2,16298.480000000001,2021-01-09 20:00:56.176318
1321,661,3,-7121.81,2020-06-05 02:23:12.603786
1322,661,4,17822.54,2021-05-18 04:59:47.518313
1323,661,4,-630.8400000000001,2021-11-18 15:41:12.035741
1324,662,2,-10528.76,2022-11-18 21:49:42.947069
1325,662,3,16902.11,2020-03-01 16:36:02.864156
1326,663,4,4200.8099999999995,2022-03-16 08:45:27.785819
1327,664,2,14360.15,2024-10-13 15:42:44.229386
1328,664,2,16816.76,2024-06-03 15:10:40.038604
1329,665,2,5772.46,2020-11-23 06:18:14.911671
1330,665,1,30888.34,2020-10-29 09:26:48.504189
1331,665,4,-16807.2,2021-08-08 22:42:58.035961
1332,666,2,-9221.9,2022-11-13 01:26:48.422740
1333,667,2,16439.86,2019-12-24 00:54:49.767210
1334,667,3,-8581.77,2023-10-11 09:48:11.743426
1335,667,2,768.09,2023-04-07 16:57:11.322605
1336,668,1,18751.52,2021-10-22 16:47:43.289749
1337,669,3,16137.37,2024-09-26 13:06:16.996106
1338,670,4,11565.300000000001,2021-01-18 07:49:44.968641
1339,670,3,-1233.2,2020-09-25 19:33:57.739376
1340,670,1,14064.539999999999,2023-12-13 14:06:40.960682
1341,671,3,-2805.99,2022-08-26 05:36:50.297448
1342,671,3,34820.01,2023-09-28 12:01:21.122168
1343,671,4,-2979.02,2022-10-26 09:07:39.982972
1344,672,3,4522.51,2021-09-28 00:13:11.790972
1345,672,1,26203.409999999996,2024-07-31 02:47:49.083066
1346,672,1,38527.53,2023-10-15 02:27:46.877431
1347,673,3,-5096.72,2019-11-04 16:19:36.630679
1348,673,3,1038.89,2023-10-23 20:42:32.480067
1349,673,1,6390.040000000001,2020-04-25 07:35:11.198721
1350,674,3,12590.02,2022-07-10 20:20:24.337744
1351,675,2,-14991.05,2021-07-11 07:34:13.113319
1352,676,2,6911.83,2022-02-01 21:43:48.755114
1353,677,3,-367.64999999999986,2023-01-15 12:56:12.741057
1354,678,4,7126.1,2023-09-06 01:50:49.572035
1355,678,2,-1729.5399999999997,2020-10-01 15:09:30.135932
1356,678,1,6918.970000000001,2023-07-28 17:26:52.999166
1357,679,4,8933.78,2021-06-12 22:28:16.448545
1358,679,4,-3689.9900000000007,2022-02-02 17:10:36.146449
1359,679,4,4394.9,2021-06-20 09:12:08.168660
1360,680,2,-14045.65,2024-05-25 13:05:57.907008
1361,680,2,16259.73,2021-07-29 06:55:16.431933
1362,681,4,4407.35,2024-01-25 01:53:31.600864
1363,681,4,7929.66,2021-08-20 20:18:42.402447
1364,682,1,13922.18,2022-09-25 06:26:33.628696
1365,683,1,24276.17,2022-05-23 08:15:24.760336
1366,683,1,23107.04,2024-07-08 17:27:43.939058
1367,683,4,1297.62,2020-02-15 11:25:15.839729
1368,684,4,2123.32,2023-03-26 22:37:58.011084
1369,684,3,19150.31,2023-10-13 16:43:21.361310
1370,684,3,11336.45,2024-06-26 01:28:30.632980
1371,685,4,-3577.3000000000006,2023-05-31 04:05:50.352741
1372,686,1,6981.03,2020-04-21 18:42:22.253089
1373,686,1,21603.670000000002,2021-01-26 16:51:56.901500
1374,687,4,11991.47,2021-05-27 01:33:28.922071
1375,687,4,-13699.51,2023-08-04 09:32:58.996471
1376,688,4,15876.43,2024-06-20 06:18:35.633318
1377,688,2,7221.38,2023-12-24 15:39:09.753648
1378,688,3,13771.69,2020-12-30 00:26:11.003328
1379,689,2,5388.47,2020-07-24 15:36:51.944114
1380,690,4,-4304.64,2023-01-14 02:08:37.178079
1381,691,1,14845.19,2022-07-17 11:42:01.080764
1382,691,4,5570.01,2019-12-23 14:05:36.428668
1383,692,4,23645.18,2023-09-10 01:33:18.434449
1384,692,2,5441.610000000001,2020-09-08 12:39:27.168234
1385,692,4,-12752.09,2019-12-06 13:23:00.622751
1386,693,2,24225.48,2023-01-06 11:49:44.618749
1387,693,1,40420.07,2023-05-26 17:29:12.395290
1388,694,4,-10352.71,2024-01-29 09:12:23.577396
1389,695,3,-5992.59,2024-08-21 10:18:26.903493
1390,695,2,8149.79,2020-10-20 13:08:37.371089
1391,695,1,33481.840000000004,2024-02-03 06:03:44.610752
1392,696,4,29751.73,2020-07-09 09:45:56.051340
1393,697,4,12707.79,2024-08-11 23:54:30.684036
1394,698,3,-4568.25,2023-07-15 17:56:20.891293
1395,699,1,18745.86,2020-10-04 06:44:16.957783
1396,699,2,-8849.05,2021-04-23 08:33:36.893404
1397,699,4,442.58,2020-11-14 06:39:51.555043
1398,700,1,16412.1,2022-08-27 11:31:20.316914
1399,701,3,-2504.24,2023-10-03 17:37:59.140699
1400,702,4,-22245.09,2021-02-26 09:43:34.680396
1401,703,1,31561.83,2020-05-11 06:04:39.312572
1402,703,3,-2301.69,2024-06-26 20:50:54.196554
1403,704,2,11874.72,2019-11-17 10:24:14.181440
1404,705,3,-12847.41,2023-04-17 20:53:37.731641
1405,706,4,-2054.76,2024-10-05 00:11:53.056534
1406,706,3,3209.39,2022-01-23 14:48:50.177001
1407,707,2,-111.92999999999984,2023-03-01 05:27:50.968253
1408,707,3,-2403.6600000000003,2022-08-10 07:09:01.379649
1409,708,3,4896.910000000002,2020-11-14 01:11:05.914629
1410,708,3,30893.02,2022-06-03 02:57:45.302872
1411,708,1,52790.490000000005,2021-06-02 22:35:30.539441
1412,709,1,37900.02,2020-10-10 00:53:03.931442
1413,709,4,-5265.92,2020-10-28 12:09:03.933491
1414,709,1,13875.17,2020-01-18 00:17:23.973038
1415,710,2,3792.45,2020-10-18 01:50:27.637641
1416,710,1,24824.97,2022-11-14 00:01:30.794719
1417,711,2,-5510.87,2023-03-12 19:46:49.339927
1418,711,4,-16198.450000000003,2024-01-21 10:09:48.695611
1419,712,1,20832.48,2022-10-01 19:23:31.513019
1420,713,4,-4988.25,2024-01-22 02:30:32.600494
1421,713,2,-6750.12,2023-07-14 04:27:12.585025
1422,714,1,22353.11,2021-03-22 14:43:37.154370
1423,714,4,-5537.07,2024-03-31 15:40:40.521000
1424,714,1,26558.33,2022-10-10 11:46:16.625807
1425,715,1,11179.130000000001,2022-03-22 01:52:21.545388
1426,715,1,8444.18,2020-08-23 10:42:01.727002
1427,715,1,17983.93,2022-01-20 12:06:25.064478
1428,716,2,-1997.4,2022-02-01 01:47:00.283469
1429,716,4,-778.3600000000001,2020-01-07 07:28:32.648085
1430,717,4,-12645.73,2020-05-17 00:22:40.499527
1431,717,1,41070.52,2021-06-26 08:14:17.065892
1432,718,1,20386.64,2022-05-15 19:34:58.461067
1433,718,3,13583.64,2024-08-16 16:28:42.932395
1434,719,1,22352.89,2023-09-15 13:45:51.250582
1435,720,4,-24224.83,2022-05-28 11:57:31.627190
1436,721,4,19890.94,2022-10-17 19:30:59.383284
1437,721,2,-3903.28,2024-08-11 19:52:30.943781
1438,722,3,5598.99,2020-04-24 19:44:09.905344
1439,722,3,-22239.070000000003,2020-07-06 12:48:49.459515
1440,723,4,9448.92,2023-09-17 14:19:24.805972
1441,723,2,6155.34,2020-07-27 10:16:15.691903
1442,723,4,372.53,2023-11-07 00:10:45.459491
1443,724,1,16459.56,2021-06-18 05:41:31.368797
1444,724,2,-6348.170000000002,2020-11-17 16:08:17.481106
1445,725,2,9904.51,2022-05-19 04:19:33.697417
1446,725,4,-8652.029999999999,2020-05-10 00:48:06.087701
1447,725,1,47435.72,2020-05-14 12:30:09.296576
1448,726,1,5740.240000000001,2022-04-07 06:33:14.811448
1449,726,1,46729.17,2023-07-10 22:10:50.216680
1450,726,2,1892.75,2023-03-08 20:33:31.767800
1451,727,1,16075.66,2024-06-18 05:57:05.429555
1452,727,1,9934.78,2021-07-19 01:35:02.461264
1453,727,2,22776.43,2023-02-13 14:16:24.670623
1454,728,4,7622.18,2023-02-23 07:07:36.064867
1455,728,4,-22338.15,2021-02-05 05:58:55.381583
1456,728,4,-13087.33,2020-11-25 11:52:44.833170
1457,729,4,18383.68,2022-03-16 12:33:09.087008
1458,729,1,34070.09,2022-04-21 07:45:01.269011
1459,730,2,8268.65,2021-04-29 03:35:14.788419
1460,730,4,-8135.72,2021-07-22 04:37:25.010663
1461,730,3,-4016.55,2020-06-24 01:53:19.005600
1462,731,3,-5917.4,2021-09-16 04:47:05.317889
1463,731,2,-6554.26,2022-06-06 16:01:36.713587
1464,732,2,2226.9900000000002,2024-09-29 21:55:51.928822
1465,732,4,-12458.99,2024-08-30 19:58:48.324076
1466,733,3,10217.279999999999,2020-06-11 09:27:49.840411
1467,733,3,-3492.56,2021-07-05 09:20:34.067280
1468,734,3,-1196.6399999999999,2023-10-05 13:50:54.059793
1469,734,3,-7842.1,2020-01-26 00:46:42.434216
1470,735,2,7877.15,2023-03-08 22:51:57.153251
1471,735,2,11272.28,2022-02-08 11:35:40.083134
1472,736,4,-10231.84,2021-12-10 10:09:49.059305
1473,736,4,-1683.89,2022-07-05 12:24:02.177669
1474,736,3,1012.02,2022-06-23 07:36:25.531302
1475,737,1,8535.2,2023-11-27 19:28:49.304182
1476,737,4,15226.599999999999,2022-02-05 08:36:00.695776
1477,737,1,20295.12,2023-08-25 22:07:12.005560
1478,738,1,16889.8,2023-07-10 06:25:58.471915
1479,738,2,-1476.33,2024-04-03 01:00:54.952467
1480,738,3,-6593.73,2022-03-21 06:32:42.859484
1481,739,3,2509.32,2023-05-13 00:55:02.114487
1482,739,1,26730.45,2022-01-13 03:56:25.095484
1483,740,3,514.36,2020-11-22 09:44:09.459931
1484,740,3,-11503.5,2022-01-10 01:21:42.457172
1485,740,1,8692.57,2022-01-31 08:15:31.409333
1486,741,4,-6805.25,2022-04-12 18:38:11.050262
1487,742,3,-2737.55,2023-06-03 09:47:26.787849
1488,742,3,226.94000000000005,2021-04-06 22:02:43.874151
1489,743,4,1862.9899999999998,2022-10-18 23:12:11.794252
1490,743,1,20686.59,2024-09-29 20:09:21.710050
1491,744,1,33099.54,2024-01-23 17:59:27.284616
1492,745,4,-1177.35,2020-05-13 12:49:52.420561
1493,745,4,-5927.52,2020-12-17 07:11:06.969728
1494,745,1,15550.85,2022-04-22 05:18:21.541197
1495,746,3,11897.47,2024-10-14 18:27:49.846801
1496,747,2,8619.34,2020-09-21 01:35:16.687762
1497,748,4,-9200.58,2022-10-25 13:24:40.268547
1498,749,4,-15053.280000000002,2021-07-30 03:46:56.067091
1499,749,4,3866.0000000000005,2021-06-17 03:33:28.474634
1500,749,3,-9922.52,2021-01-30 20:08:16.473395
1501,750,1,14708.96,2023-05-19 21:15:58.128639
1502,750,3,19094.97,2020-10-22 18:03:24.605797
1503,751,2,7864.01,2020-11-11 22:55:33.482938
1504,751,3,5773.88,2024-03-03 23:10:27.891044
1505,752,1,20756.78,2023-11-01 10:28:03.492975
1506,753,1,15220.06,2019-12-22 14:58:33.609437
1507,754,1,6189.58,2024-01-10 17:23:06.458052
1508,754,1,1504.52,2020-03-21 15:44:41.458784
1509,755,2,409.67,2022-07-28 18:18:06.357225
1510,756,4,-736.57,2022-09-15 01:04:32.953957
1511,757,1,29828.78,2022-12-29 08:59:01.747429
1512,758,3,-31971.6,2019-11-25 15:29:47.188861
1513,759,4,8582.85,2023-10-09 09:07:39.354271
1514,759,3,3404.99,2024-02-27 14:08:01.964601
1515,760,4,-13262.82,2021-05-22 21:45:48.669461
1516,760,1,52255.41,2020-03-14 05:24:31.756298
1517,761,2,4379.46,2022-04-04 15:55:54.686221
1518,761,3,-9558.94,2024-06-14 10:07:29.962778
1519,762,1,12711.54,2023-07-23 21:48:23.533757
1520,762,1,18977.63,2024-03-06 16:13:07.932853
1521,762,1,16727.97,2021-09-26 16:39:21.642304
1522,763,2,-388.01,2022-07-16 05:31:22.616299
1523,763,4,-13790.8,2022-04-15 03:33:57.760228
1524,764,4,2260.54,2020-06-28 23:05:04.301050
1525,764,1,39813.79,2023-09-28 09:20:01.771460
1526,764,1,50701.71,2023-12-19 05:04:57.639077
1527,765,1,626.04,2021-05-01 10:30:15.337761
1528,765,3,9635.18,2022-03-22 17:54:48.339216
1529,766,2,-2259.93,2021-06-09 09:16:59.655016
1530,766,1,23530.37,2023-01-14 17:16:13.716271
1531,767,1,22638.81,2021-11-30 11:40:22.469757
1532,767,1,14295.32,2021-10-06 18:01:28.414550
1533,768,1,32598.75,2024-04-01 11:44:51.735134
1534,768,4,-10721.74,2024-06-23 17:55:12.354492
1535,769,2,20533.94,2021-01-14 12:57:27.608210
1536,770,2,3816.01,2022-10-26 21:30:29.947292
1537,770,2,5173.93,2020-05-05 19:44:11.344851
1538,771,3,-22129.1,2022-10-26 08:57:21.259856
1539,771,2,4994.97,2024-07-07 11:31:16.329711
1540,772,4,-22140.15,2022-12-01 06:45:32.145705
1541,772,4,-14878.13,2021-08-05 10:20:20.993463
1542,772,3,13281.36,2022-05-14 12:06:20.643728
1543,773,4,-8187.659999999999,2023-04-18 00:30:48.036196
1544,773,1,11107.1,2022-02-08 15:01:21.948839
1545,774,1,24297.05,2022-02-16 06:34:07.773539
1546,774,1,18568.4,2022-11-17 09:54:50.296925
1547,774,3,14458.2,2021-11-08 07:09:07.943064
1548,775,1,18557.65,2020-12-09 12:17:56.662256
1549,775,4,-20007.53,2021-12-01 12:24:22.967244
1550,776,4,-10276.6,2021-08-02 16:43:21.266454
1551,776,1,22614.91,2024-04-19 04:21:31.232272
1552,777,1,17887.940000000002,2020-12-30 12:24:52.908062
1553,777,3,-1871.02,2019-12-25 03:37:42.991067
1554,778,4,1405.87,2019-11-01 04:36:28.059436
1555,778,3,8410.9,2024-02-08 01:14:52.935488
1556,778,4,868.03,2022-05-04 22:51:35.418758
1557,779,2,-835.0300000000007,2023-01-20 03:42:40.901331
1558,780,3,21109.66,2023-09-20 15:51:11.487725
1559,780,3,-44.690000000000055,2019-12-10 07:08:28.909969
1560,780,1,30318.4,2023-07-10 23:45:37.070078
1561,781,1,21105.67,2021-01-30 12:04:54.431478
1562,782,3,235.59,2023-04-06 16:51:43.625568
1563,782,4,4320.42,2021-12-30 05:05:45.283295
1564,783,1,42191.07,2023-12-17 06:08:33.638085
1565,784,4,22214.69,2023-03-01 18:49:11.887527
1566,784,4,14512.590000000002,2022-09-28 23:24:40.775657
1567,784,1,19168.83,2020-09-14 12:40:09.640998
1568,785,1,16088.6,2024-06-11 09:04:07.551332
1569,786,2,6147.799999999999,2019-11-10 21:53:30.206576
1570,786,1,24920.09,2023-11-19 12:11:12.242604
1571,786,2,-2532.77,2024-05-28 20:49:16.740803
1572,787,1,41155.06,2023-10-31 19:47:57.577029
1573,787,4,12402.3,2021-12-14 10:42:37.130675
1574,788,1,39607.37,2023-09-27 14:19:08.424147
1575,788,3,5769.46,2023-10-05 13:19:38.544866
1576,789,2,-14638.699999999999,2022-02-18 19:36:14.578931
1577,789,3,-6643.949999999999,2020-06-06 08:35:17.180475
1578,790,3,11298.22,2023-08-21 21:55:14.953562
1579,790,3,-9694.37,2023-11-21 08:11:51.579740
1580,790,2,4904.69,2024-05-22 07:27:28.056929
1581,791,2,9436.27,2022-07-17 10:40:52.528007
1582,792,4,-2089.29,2020-09-01 22:12:44.524379
1583,792,2,-5508.18,2023-02-09 16:18:09.886967
1584,793,3,-6342.3,2024-01-01 05:42:31.755651
1585,793,1,12505.97,2020-12-02 22:09:43.592596
1586,793,2,-10554.61,2020-01-04 07:01:49.343992
1587,794,4,-20216.19,2021-06-30 05:14:33.805641
1588,794,1,38341.38,2021-09-11 18:30:46.027234
1589,794,4,-2991.54,2020-06-19 20:53:35.788249
1590,795,2,-11094.8,2024-07-26 16:44:37.243055
1591,795,2,2412.4,2023-11-28 13:14:52.874149
1592,795,3,1024.84,2024-08-26 20:38:45.569874
1593,796,2,3010.21,2020-01-13 00:16:20.715384
1594,796,2,-4240.15,2021-08-06 00:58:59.593008
1595,796,2,-6045.610000000001,2024-03-28 12:02:31.331092
1596,797,1,44049.68,2024-02-15 20:49:45.856839
1597,798,2,-23104.649999999994,2024-03-09 06:49:59.430606
1598,798,2,-10305.8,2020-05-20 13:57:04.166395
1599,798,2,-262.07,2024-08-02 04:58:12.096298
1600,799,3,4820.12,2024-07-01 03:46:10.992034
1601,799,1,15280.42,2021-02-18 08:27:16.462987
1602,799,4,2402.0699999999997,2023-09-10 17:39:34.854792
1603,800,3,-7908.759999999999,2021-02-06 07:09:15.872617
1604,800,4,4939.360000000001,2022-05-15 06:24:25.346894
1605,800,3,-13339.54,2023-06-04 13:41:39.108707
1606,801,2,-880.24,2024-08-06 12:49:01.648050
1607,801,4,-15082.81,2020-08-23 03:17:59.746494
1608,802,1,18726.18,2021-07-02 19:42:53.000903
1609,803,1,22256.039999999997,2022-08-07 01:57:20.209120
1610,803,4,-9138.73,2022-03-05 21:52:41.099612
1611,804,1,27824.77,2021-07-04 08:08:17.363246
1612,805,3,-19208.28,2021-12-13 08:04:47.194062
1613,806,2,-994.31,2021-06-29 07:17:23.963982
1614,806,2,13189.65,2024-02-27 06:14:46.633543
1615,807,2,418.11,2020-01-14 12:33:04.259320
1616,807,1,34206.8,2021-12-02 19:56:52.888484
1617,808,4,-10633.86,2021-07-13 23:53:55.290399
1618,808,2,-12197.23,2020-12-19 16:37:02.727949
1619,808,2,-14272.53,2024-04-11 05:20:26.261218
1620,809,4,-4594.06,2020-06-09 14:02:29.700009
1621,810,3,1250.0199999999995,2020-06-01 04:48:40.112175
1622,810,3,-9866.47,2020-09-30 18:46:07.673974
1623,810,1,25300.15,2022-03-29 12:44:54.270522
1624,811,4,-5481.44,2021-10-13 04:44:57.386695
1625,812,2,7612.44,2023-09-23 01:59:39.392077
1626,812,3,1790.73,2022-02-09 01:44:38.083559
1627,812,4,7294.61,2023-11-25 08:12:07.097125
1628,813,4,3137.78,2022-08-29 20:57:48.488009
1629,813,4,2946.5200000000004,2023-10-27 05:47:46.896935
1630,814,4,5534.0199999999995,2021-02-21 12:24:01.130350
1631,815,2,1417.57,2023-07-13 23:05:40.200461
1632,815,1,27915.19,2023-10-20 22:21:05.516027
1633,815,3,2607.5,2019-12-30 07:20:15.622014
1634,816,2,6229.91,2023-06-30 16:23:53.921785
1635,817,1,24806.47,2023-03-05 23:11:15.134253
1636,817,2,1156.02,2024-04-16 00:19:07.756615
1637,818,4,-1017.82,2023-10-12 19:38:59.430631
1638,818,4,3641.3,2021-08-14 22:39:43.981772
1639,818,2,-5694.38,2023-02-17 07:12:15.373065
1640,819,2,4417.53,2024-10-23 12:21:46.546473
1641,819,3,-14251.13,2023-12-13 17:13:21.846179
1642,819,2,4238.36,2024-02-14 22:55:48.182689
1643,820,1,12485.06,2023-07-30 04:01:31.756861
1644,820,3,3450.33,2022-12-14 21:13:03.136970
1645,821,4,3404.36,2021-04-17 01:05:20.170268
1646,822,4,12231.48,2024-03-11 02:48:30.256093
1647,822,4,16927.81,2022-09-27 09:44:22.088505
1648,823,2,3395.78,2024-08-28 11:20:07.904350
1649,824,2,-6537.02,2023-11-12 06:33:54.082277
1650,824,4,-3367.62,2023-03-07 16:15:56.926856
1651,824,4,-16356.6,2021-08-12 21:19:18.335115
1652,825,1,13258.51,2024-07-10 11:53:55.608782
1653,825,3,11744.89,2020-01-23 20:48:43.346954
1654,825,4,1869.8,2023-05-19 09:33:02.240623
1655,826,3,4556.620000000001,2021-09-10 14:36:00.619495
1656,826,4,-877.71,2021-05-14 18:17:51.109220
1657,827,3,19982.8,2021-02-08 04:49:27.025942
1658,827,2,451.35000000000036,2022-04-18 13:53:40.847620
1659,827,2,7048.17,2022-07-22 02:23:07.344602
1660,828,4,6414.62,2022-02-04 04:55:15.863188
1661,828,3,-21901.890000000003,2022-11-23 15:28:07.225931
1662,829,4,345.92,2022-10-29 05:40:56.759656
1663,829,3,3545.5,2022-12-10 02:53:09.206677
1664,829,4,-8514.060000000001,2024-01-28 06:49:29.671559
1665,830,3,2258.83,2022-12-08 23:51:28.673306
1666,830,4,-5286.9800000000005,2023-09-27 02:41:00.249108
1667,831,1,42758.090000000004,2021-02-26 12:55:30.223402
1668,831,1,12028.27,2022-02-09 02:04:10.655316
1669,831,1,43059.18,2024-05-12 11:59:11.055400
1670,832,1,32494.88,2023-07-02 06:47:29.230937
1671,832,4,-4233.35,2022-01-01 12:50:40.465851
1672,833,4,-1069.73,2021-09-29 15:00:58.023229
1673,833,4,-9777.66,2022-04-24 23:29:33.774471
1674,833,2,11565.58,2023-05-29 01:23:48.544933
1675,834,2,1892.5900000000006,2022-06-15 08:15:35.447296
1676,835,4,-3317.45,2020-01-12 19:22:42.452003
1677,835,4,3031.5699999999997,2020-01-12 04:06:24.369068
1678,835,4,-21029.25,2020-06-22 07:01:33.191869
1679,836,2,-8209.45,2021-02-06 10:13:18.485661
1680,836,1,17305.78,2023-06-30 06:39:55.904955
1681,837,1,23276.26,2022-02-23 07:12:04.891697
1682,837,4,-18793.26,2023-06-03 22:07:43.350694
1683,837,2,1761.9,2020-02-14 02:26:05.831436
1684,838,2,7817.28,2020-05-13 06:12:25.575229
1685,838,3,10447.48,2023-05-16 06:12:26.771147
1686,839,3,10823.939999999999,2023-05-16 13:52:54.528250
1687,840,4,6484.82,2022-09-04 00:28:48.336379
1688,841,4,476.44000000000005,2021-10-27 23:08:12.177582
1689,841,3,-1086.9300000000003,2022-04-07 06:07:51.647000
1690,842,4,1598.1699999999996,2021-05-12 09:21:35.662225
1691,843,3,-11777.22,2023-07-12 22:02:03.181300
1692,843,4,1272.02,2020-09-12 07:02:54.891570
1693,843,4,-10329.11,2023-01-31 11:46:54.000115
1694,844,4,-4408.57,2020-07-11 14:38:42.585106
1695,845,4,8815.539999999999,2021-04-27 23:50:08.254520
1696,846,1,25110.27,2022-11-14 20:32:48.807110
1697,846,3,5497.18,2023-03-09 08:12:19.574188
1698,846,2,-4037.1,2020-01-31 14:30:32.001287
1699,847,3,1035.68,2020-10-03 18:10:36.910547
1700,847,1,40206.24,2023-01-30 07:36:11.774918
1701,847,1,46726.67,2020-05-14 15:39:52.166029
1702,848,3,-15157.03,2019-12-25 19:25:47.502253
1703,848,1,48018.3,2024-03-29 09:22:24.450928
1704,849,2,-1647.32,2024-05-11 15:57:58.041984
1705,850,3,-3814.57,2024-09-03 11:54:28.356456
1706,850,4,-2305.97,2020-01-25 22:27:50.727459
1707,851,1,8134.83,2020-04-13 17:16:39.143390
1708,852,1,27901.91,2021-09-08 13:56:06.676520
1709,852,4,13279.650000000001,2022-08-04 01:27:19.061364
1710,853,4,-9195.32,2021-12-05 21:01:11.005122
1711,853,4,-1237.08,2024-09-19 02:36:24.279507
1712,853,2,8868.71,2020-04-17 16:03:54.862100
1713,854,1,10026.87,2020-12-24 09:37:49.313376
1714,855,1,13894.29,2020-11-07 21:26:33.660077
1715,855,3,3607.69,2020-07-08 18:50:45.374282
1716,855,3,-8764.279999999999,2020-05-04 09:11:41.009193
1717,856,4,-17914.079999999998,2020-04-26 19:17:43.563366
1718,856,3,4505.2,2022-02-12 03:50:57.614634
1719,856,2,1997.99,2022-10-06 17:10:50.357498
1720,857,2,6186.31,2022-02-01 20:46:25.637676
1721,857,3,-15248.42,2023-10-22 13:53:06.121577
1722,858,2,-1905.68,2022-04-28 14:29:33.770526
1723,859,2,24886.91,2021-10-31 00:57:32.783804
1724,859,1,621.2600000000002,2020-11-20 00:20:12.687848
1725,860,4,-6141.43,2023-01-29 11:45:35.265876
1726,861,4,3052.3,2024-03-02 16:01:52.996813
1727,861,3,7091.21,2022-07-10 12:17:33.274032
1728,861,1,26244.5,2022-11-28 07:53:04.565025
1729,862,4,6121.11,2020-03-10 00:40:49.690330
1730,862,2,-12552.029999999999,2019-11-29 14:28:57.305935
1731,862,4,15920.199999999999,2024-01-10 15:05:29.681391
1732,863,1,49717.009999999995,2023-10-26 01:00:11.915427
1733,863,3,12973.58,2023-10-29 07:18:35.819792
1734,864,4,-430.31,2024-04-28 09:21:17.422675
1735,865,3,8327.16,2023-11-01 01:22:49.248206
1736,865,3,-5360.41,2022-08-03 10:12:39.637316
1737,865,3,6002.3,2022-09-18 13:28:57.459014
1738,866,1,18229.79,2022-09-06 20:37:48.593450
1739,867,3,-22242.88,2020-10-31 02:25:23.333352
1740,867,4,10201.87,2020-10-29 19:26:13.864095
1741,867,4,40013.17,2021-01-08 06:36:33.754321
1742,868,3,1270.0700000000002,2024-03-31 12:37:00.000745
1743,869,4,-981.43,2022-02-11 11:27:49.333827
1744,869,4,4842.56,2020-12-16 06:54:03.338429
1745,870,4,25240.08,2024-01-16 01:08:43.584463
1746,870,1,8874.35,2022-01-10 08:48:47.522363
1747,870,3,-19697.06,2022-09-02 14:45:58.488154
1748,871,3,5540.51,2023-01-07 14:08:05.125400
1749,871,4,21907.13,2020-09-20 13:18:17.491842
1750,872,4,-14678.64,2023-07-25 10:36:06.198677
1751,873,2,2744.9,2021-11-20 18:50:57.029651
1752,874,2,-3425.51,2020-02-14 02:11:34.385680
1753,874,3,-13651.83,2024-04-09 10:49:24.992914
1754,875,2,-14320.93,2024-09-17 22:45:15.556993
1755,875,4,-9883.750000000004,2021-06-01 14:02:47.495343
1756,875,1,5329.65,2023-04-26 01:08:15.844210
1757,876,2,2727.66,2023-08-16 16:10:05.373432
1758,876,3,3792.0200000000004,2022-10-06 08:44:07.331622
1759,876,3,927.55,2024-07-08 09:43:41.994545
1760,877,1,33145.1,2020-09-10 20:45:03.342928
1761,877,3,7874.71,2021-11-21 00:49:34.626985
1762,877,1,27186.92,2023-05-17 07:40:25.594814
1763,878,2,2968.5499999999997,2023-08-16 12:09:17.491493
1764,878,4,5276.33,2021-07-03 10:46:04.258676
1765,879,3,-1619.59,2022-11-30 06:19:38.156673
1766,880,1,19678.4,2022-11-15 06:30:41.614367
1767,880,4,-25161.31,2022-07-30 12:01:33.806353
1768,880,2,3441.39,2021-01-26 22:46:26.451616
1769,881,1,35281.15,2021-04-25 19:00:53.398766
1770,881,2,398.90999999999985,2019-12-28 16:33:39.239269
1771,882,2,533.6400000000001,2022-03-06 20:27:49.036449
1772,883,3,8508.56,2020-06-23 11:49:34.222615
1773,883,3,1488.2,2022-09-05 03:17:24.346469
1774,884,4,3030.04,2023-11-18 17:32:27.644217
1775,885,2,4623.88,2020-07-23 19:14:11.224282
1776,886,1,22931.460000000003,2023-01-02 23:06:49.842827
1777,886,2,-5856.35,2021-03-27 18:40:59.794160
1778,887,2,13087.35,2022-01-20 16:06:07.139311
1779,887,2,-536.05,2024-09-27 11:49:04.708141
1780,887,3,-24674.98,2024-02-15 16:37:02.349297
1781,888,4,-9094.6,2024-01-31 01:59:59.672359
1782,888,3,-1024.8199999999997,2021-08-31 00:32:08.183076
1783,888,3,4319.1,2023-10-09 23:09:10.085500
1784,889,3,6367.2,2023-02-16 04:21:26.698061
1785,889,3,-1374.7,2024-05-17 10:50:22.456138
1786,890,2,-3141.96,2023-12-08 11:55:31.921746
1787,890,3,-3177.4200000000005,2022-09-17 09:37:06.239563
1788,891,1,44971.97,2019-11-03 21:27:29.071458
1789,891,4,-5387.45,2022-06-01 21:47:12.989721
1790,891,4,7109.330000000001,2023-06-27 04:08:35.512602
1791,892,1,17388.179999999997,2021-04-19 01:11:14.753571
1792,892,4,12915.15,2020-08-27 20:55:26.102671
1793,892,3,-2155.0600000000004,2024-08-06 01:56:33.728690
1794,893,4,5748.42,2020-08-29 06:56:48.352981
1795,894,1,31559.16,2022-01-03 02:15:32.312424
1796,894,4,-488.51999999999975,2020-05-05 01:55:48.141856
1797,895,1,28728.22,2020-05-10 02:09:44.048487
1798,895,3,-6592.54,2022-11-03 12:43:23.505475
1799,896,2,-2766.92,2024-06-06 19:29:29.554403
1800,896,3,-4189.66,2020-12-28 06:33:39.508362
1801,897,1,6944.870000000001,2020-08-16 19:19:47.063640
1802,897,3,-10874.39,2023-11-10 13:15:49.859159
1803,898,1,30179.42,2023-11-16 21:40:04.901356
1804,899,2,-13058.539999999999,2020-05-01 12:53:36.125830
1805,899,1,7503.0,2021-05-03 11:15:49.070271
1806,900,3,3205.0299999999997,2021-03-01 15:27:53.578728
1807,901,2,24643.96,2021-07-30 20:15:06.215048
1808,901,3,9530.02,2021-11-04 07:21:52.398828
1809,902,4,-669.59,2024-04-18 01:51:34.875004
1810,902,2,-10874.38,2019-11-15 20:57:51.997439
1811,903,3,7436.53,2024-10-02 00:20:51.273909
1812,903,2,6565.39,2020-05-15 21:53:09.231980
1813,904,2,5619.08,2021-07-14 06:55:11.819963
1814,904,3,12780.21,2022-10-17 17:05:54.180682
1815,904,4,11848.12,2020-03-30 20:45:49.300120
1816,905,2,-3815.35,2020-02-18 09:29:46.711560
1817,906,4,8633.87,2021-01-19 23:16:35.872508
1818,906,1,24019.239999999998,2022-09-07 02:24:24.809113
1819,906,2,-7300.98,2021-08-03 04:37:54.171164
1820,907,3,-13133.91,2022-06-19 11:07:34.067022
1821,907,2,-3877.04,2023-09-23 04:59:57.956513
1822,907,2,694.53,2023-10-18 00:38:55.932396
1823,908,2,5226.26,2021-10-23 20:48:50.217646
1824,908,3,11761.779999999999,2022-03-22 03:35:00.555818
1825,908,4,4694.35,2022-05-20 06:59:13.998934
1826,909,1,6739.66,2020-05-23 16:45:41.240575
1827,909,1,30020.87,2024-02-20 01:31:04.664109
1828,910,3,22644.43,2023-02-09 12:59:04.834179
1829,910,2,-14565.84,2020-03-07 02:03:01.446130
1830,910,2,-5921.5,2021-04-18 10:22:04.288632
1831,911,4,-13780.14,2022-10-18 00:20:10.716103
1832,911,3,1578.4700000000003,2021-10-09 01:15:37.606748
1833,912,1,12699.970000000001,2023-02-22 18:43:23.589321
1834,912,1,10044.689999999999,2021-12-27 05:59:34.749860
1835,912,3,2139.5199999999995,2023-02-12 13:13:57.861551
1836,913,1,16004.36,2022-04-25 14:37:59.332704
1837,914,2,-4096.08,2021-11-12 08:46:41.532173
1838,914,1,33856.759999999995,2022-06-25 10:38:49.082823
1839,915,4,-11739.61,2024-09-30 11:14:25.869153
1840,915,3,-2072.3400000000006,2024-05-11 22:11:40.799644
1841,916,4,308.8499999999999,2021-12-28 05:27:55.759901
1842,916,1,21573.12,2023-02-06 13:16:43.881273
1843,917,2,-2944.3,2023-12-30 13:48:39.357525
1844,918,1,44028.759999999995,2024-10-09 19:38:14.187904
1845,918,4,3176.11,2020-04-26 14:44:55.345058
1846,918,3,8937.85,2020-10-06 03:49:50.432200
1847,919,4,-1322.01,2024-01-16 21:58:27.103869
1848,919,2,-6010.9,2020-02-09 18:27:04.689585
1849,919,4,-2048.08,2023-06-01 22:40:27.515228
1850,920,1,28356.63,2023-06-06 12:31:51.082384
1851,920,2,-7502.26,2024-07-29 13:29:24.189042
1852,920,2,-1543.4899999999998,2022-07-11 19:28:52.961485
1853,921,3,15868.83,2023-10-31 14:30:22.238400
1854,921,4,5242.77,2021-06-19 22:17:15.308703
1855,921,1,36337.18,2024-05-17 21:39:52.199341
1856,922,2,1018.2600000000002,2020-03-18 06:52:51.148728
1857,922,3,-9003.650000000001,2023-02-04 10:48:37.759541
1858,923,4,-3810.06,2020-01-26 08:36:27.290960
1859,923,2,5632.5,2023-12-26 21:27:25.132479
1860,924,2,362.53000000000003,2023-02-04 09:45:24.773939
1861,924,1,16046.66,2024-09-05 00:00:33.816155
1862,924,3,273.30999999999995,2024-07-12 03:40:32.292973
1863,925,4,9007.15,2021-09-06 19:16:02.787935
1864,925,3,-25581.43,2020-03-19 14:09:15.373028
1865,925,4,-10790.010000000002,2023-05-21 13:40:13.718398
1866,926,1,21819.4,2020-03-01 00:46:21.247589
1867,926,1,6329.99,2023-09-01 17:47:20.308233
1868,927,2,-35876.479999999996,2023-06-05 19:10:34.844347
1869,927,4,-597.1,2022-10-18 23:28:36.307763
1870,927,2,13980.09,2023-08-30 02:18:48.813878
1871,928,1,28498.190000000002,2022-05-14 03:35:50.270976
1872,929,4,-19254.04,2024-01-23 01:57:16.639766
1873,929,2,-15527.93,2022-02-24 11:47:41.214999
1874,930,2,8362.85,2020-05-23 19:38:09.827256
1875,931,2,-1118.08,2023-12-28 19:48:08.968339
1876,931,3,-13347.84,2020-07-31 19:30:21.391303
1877,932,3,4479.41,2023-01-23 12:41:25.994636
1878,933,3,-1558.4099999999999,2024-08-12 08:51:08.070622
1879,933,2,9413.23,2023-07-02 19:28:33.000010
1880,934,3,-9031.64,2021-08-19 04:05:30.764594
1881,935,1,29040.35,2023-02-02 08:01:13.879447
1882,935,4,10279.87,2024-05-06 10:46:52.800511
1883,935,1,19241.54,2020-03-23 03:27:48.206438
1884,936,1,2421.4,2022-11-30 00:41:47.426658
1885,937,2,8547.349999999999,2021-08-03 01:23:15.840158
1886,937,3,4831.16,2023-06-14 19:51:47.640144
1887,938,2,11727.32,2021-01-30 01:21:14.219302
1888,938,4,10618.84,2024-09-01 17:16:32.550663
1889,939,4,25474.9,2020-12-12 21:32:56.304526
1890,939,1,38788.61,2022-07-01 10:56:08.957702
1891,940,2,1480.7,2022-10-23 04:56:43.084842
1892,940,1,19045.86,2023-11-17 19:24:29.542033
1893,941,1,22615.32,2021-03-17 03:21:37.649651
1894,942,2,-3437.96,2023-08-01 22:18:48.249527
1895,942,1,43982.869999999995,2024-02-02 01:01:24.469278
1896,943,3,3704.3999999999996,2024-09-22 03:41:04.867191
1897,944,2,-7409.32,2023-11-30 16:06:10.829915
1898,945,2,-25092.36,2022-07-03 16:35:23.059386
1899,945,4,5023.41,2023-04-28 01:11:19.262586
1900,946,1,8820.99,2021-12-06 11:22:29.230517
1901,946,4,-11264.099999999999,2020-09-11 00:13:12.320348
1902,947,3,7906.260000000001,2023-05-13 18:01:51.491905
1903,947,1,11366.92,2023-09-11 15:45:38.491640
1904,947,1,25657.7,2023-09-09 02:20:40.719145
1905,948,3,8125.759999999999,2022-08-04 13:35:51.373353
1906,949,1,8171.34,2022-05-09 03:28:48.650303
1907,949,3,-1112.11,2024-02-12 10:52:44.543671
1908,949,2,3471.96,2022-02-10 11:15:28.325787
1909,950,3,-13450.78,2022-06-06 07:58:59.320125
1910,950,2,-2949.76,2024-08-10 19:42:05.124608
1911,951,1,31699.43,2020-07-04 13:57:48.276942
1912,951,3,-9930.76,2021-01-28 19:26:45.699065
1913,951,4,-17528.21,2019-12-23 10:54:11.834665
1914,952,4,3973.78,2021-02-19 12:46:01.527624
1915,953,4,6966.9,2020-11-09 14:31:09.809012
1916,953,3,-14341.97,2021-06-05 23:31:29.433235
1917,954,1,45002.91,2022-09-27 18:58:50.230129
1918,954,2,-1759.89,2021-12-05 11:55:49.174233
1919,955,3,-16205.02,2024-06-28 11:49:42.518676
1920,955,3,-4407.21,2023-06-05 11:29:46.268114
1921,955,4,-1408.7500000000002,2021-12-11 08:48:50.807492
1922,956,1,14890.17,2024-07-23 14:43:00.563500
1923,956,4,7149.92,2023-11-26 01:02:33.812891
1924,956,4,-3731.08,2024-01-01 07:49:44.583658
1925,957,1,32958.84,2020-04-13 03:25:04.979300
1926,957,3,-5626.82,2023-12-06 13:37:36.817166
1927,958,2,11052.9,2023-11-05 16:22:18.292397
1928,958,4,3197.1,2020-02-01 12:24:11.126406
1929,958,2,6578.3,2019-12-28 09:05:34.067677
1930,959,4,-5820.53,2022-01-20 07:47:45.372312
1931,960,1,20935.68,2024-08-04 15:17:43.614451
1932,960,1,19353.16,2024-01-25 09:48:14.845098
1933,961,3,7331.88,2022-04-04 23:32:10.219244
1934,962,3,-896.92,2021-07-21 03:33:12.873034
1935,962,1,36138.25,2020-08-20 15:30:43.998485
1936,963,2,-12621.81,2020-05-30 02:49:58.185792
1937,963,2,31425.460000000003,2024-06-10 01:27:42.866140
1938,964,4,3884.1299999999997,2021-02-02 16:40:26.011090
1939,965,1,58621.490000000005,2020-07-12 06:26:30.267524
1940,965,1,13053.83,2022-09-03 09:39:20.712142
1941,966,1,30051.33,2023-02-13 14:05:57.344989
1942,966,1,24432.399999999998,2021-04-22 14:11:44.129339
1943,967,3,-12957.69,2021-05-09 08:36:34.886811
1944,968,2,4873.7,2024-04-13 23:29:07.412201
1945,968,4,-6873.84,2023-01-30 23:11:03.181866
1946,969,4,30487.76,2022-03-06 11:42:42.728998
1947,970,1,30724.66,2021-08-17 14:07:50.104171
1948,971,1,27403.09,2022-12-04 18:15:18.552292
1949,971,4,13573.8,2023-09-02 01:41:39.646181
1950,971,3,141.0,2020-09-21 11:41:29.569274
1951,972,1,40686.049999999996,2022-03-03 06:45:25.095647
1952,972,1,41775.420000000006,2024-10-05 18:33:33.011276
1953,973,4,2140.5,2021-04-30 18:42:38.382765
1954,973,2,-1344.2,2024-07-13 06:08:07.015659
1955,973,2,-1810.23,2020-11-26 12:08:36.397274
1956,974,2,-6851.81,2020-01-03 21:22:40.524929
1957,974,3,12806.83,2022-04-24 12:56:52.124085
1958,975,4,-6074.21,2023-05-13 19:14:49.460622
1959,975,4,-8148.06,2020-10-26 14:20:25.575120
1960,976,1,33725.85999999999,2020-03-20 10:49:38.060502
1961,976,3,-4742.63,2022-08-18 10:20:47.012347
1962,976,1,21982.33,2022-05-24 12:30:07.735095
1963,977,4,9220.99,2021-11-16 11:15:59.018154
1964,977,3,1188.44,2023-10-12 19:21:42.382692
1965,978,1,25994.18,2019-12-11 16:40:20.382148
1966,979,2,20811.43,2020-11-19 06:07:23.053392
1967,979,4,5136.15,2022-07-24 20:41:01.031514
1968,979,2,-7189.5,2021-03-14 06:13:13.219851
1969,980,1,12591.03,2020-06-05 04:49:40.148156
1970,981,3,-6565.96,2020-09-24 05:01:21.415441
1971,982,4,-3997.73,2022-08-28 20:45:27.082635
1972,982,2,-983.44,2020-04-18 05:34:04.942714
1973,982,3,-12485.15,2020-01-11 01:35:54.375213
1974,983,1,28763.36,2021-08-25 13:13:21.789964
1975,984,1,20705.850000000002,2022-06-20 20:09:46.792156
1976,985,4,-17412.88,2024-08-06 07:49:30.881614
1977,985,3,2279.68,2024-05-18 00:22:57.241231
1978,985,2,11953.7,2022-06-19 19:25:21.454364
1979,986,1,45302.21,2024-09-09 09:21:02.543959
1980,986,3,-18163.13,2024-06-03 04:52:16.922310
1981,986,4,10567.3,2020-08-10 10:20:37.001966
1982,987,3,-8566.64,2022-12-03 11:08:52.913408
1983,987,1,2942.9300000000003,2024-06-03 09:06:22.009817
1984,987,4,-16607.3,2022-01-06 19:02:41.516743
1985,988,2,2091.7699999999986,2024-10-13 08:25:19.481370
1986,988,2,-10244.33,2022-06-06 04:17:16.360793
1987,988,2,11323.730000000001,2022-11-14 12:52:12.450157
1988,989,2,763.98,2024-06-08 16:57:22.190347
1989,990,3,-2778.07,2024-02-26 05:48:49.926236
1990,990,3,-2543.1800000000003,2022-04-18 22:44:58.617046
1991,991,3,749.1599999999999,2023-03-11 17:39:37.857974
1992,992,3,-4636.4800000000005,2024-10-12 15:46:47.676545
1993,992,1,24785.02,2021-11-09 09:36:28.983824
1994,993,1,25247.17,2020-04-30 18:23:02.213940
1995,993,2,-14310.970000000001,2023-04-02 00:49:25.878749
1996,994,2,-15431.09,2023-10-05 17:56:30.789186
1997,995,4,960.81,2022-08-05 05:25:12.545830
1998,995,4,-16643.37,2020-07-16 17:04:47.747575
1999,996,1,20110.05,2022-01-17 04:11:32.396414
2000,997,1,15085.43,2022-09-24 01:19:31.030244
2001,998,1,45659.15,2020-02-19 07:04:07.617692
2002,999,1,16300.89,2021-03-23 17:32:14.574724
2003,1000,4,-12671.53,2023-06-03 17:43:36.114706
